modularity_class,Degree_mean,Degree_var,betweenesscentrality_mean,betweenesscentrality_var,clusteringcoefficient_mean,clusteringcoefficient_var,communitysize
0,4,0,0,0,1,0,7
1,1.333333333,0.333333333,0.333333333,0.333333333,0,0,2
2,2,0,0,0,0,0,3
3,7.43902439,84.32339657,90387.7378,2.57E+11,0.0806777073,0.0317209808,190
4,4.75,0.25,6773.75,61160190.08,0.54166675,0.00694447222,59
5,2,0,0,0,0,0,4
6,2,1,0.333333333,0.333333333,0,0,5
7,2.25,3.583333333,13546.25,734003556.3,0,0,59
8,2.666666667,1.333333333,0.666666667,1.333333333,0,0,8
9,2,0,0,0,0.5,0,9
10,2.333333333,5.333333333,20700.09048,1285481237,0,0,73
11,2,0,1,0,0.5,0,27
12,2,0,0,0,0,0,12
13,3.085714286,78.72773109,20.25714286,14362.31429,0,0,138
14,2,0,0,0,0,0,13
15,2,1,0.333333333,0.333333333,0,0,15
16,2.666666667,1.333333333,0.666666667,1.333333333,0,0,17
17,3.2,5.288888889,16.2,575.3444444,0.2714285,0.0541950045,23
18,3.25,6.785714286,5.25,74.21428571,0.2375,0.130615054,1142
19,6,0,7296.059524,70925238.16,0.6875,0.015625,73
20,1.333333333,0.333333333,0.333333333,0.333333333,0,0,18
21,5,2,22820.10952,704769858.8,0.525,0.0182407593,73
22,2,0,0,0,0,0,20
23,5.5,0.333333333,14589.33333,283765776.3,0.7083335,0.0023147963,59
24,3.947368421,45.51503759,21436.42105,1.08E+10,0.0756708246,0.0218185319,2181
25,3.5,3,13547,244694945.3,0.625,0.1875,59
26,2.666666667,8.5,4.333333333,92,0,0,21
27,3.875,8.696428571,20370.25,1472583517,0,0,1656
28,9.571428571,221.4945055,183686.2157,3.73E+11,0.524771,0.0734803364,73
29,2.333333333,0.333333333,13,144,0.388889,0.037036963,23
30,2,3,9040.333333,245182880.3,0,0,1641
31,6,0.666666667,8753.87738,51079201.36,0.69583325,0.0284027472,73
32,7.25,171.5,153625.4951,4.30E+11,0.473833958,0.134037979,59
33,3.666666667,0.333333333,10.33333333,100.3333333,0.611111,0.120370463,23
34,1.333333333,0.333333333,0.333333333,0.333333333,0,0,24
35,2,0,0,0,0,0,25
36,2.666666667,1.333333333,0.666666667,1.333333333,0,0,26
37,2,0,1,0,0.5,0,91
38,4,0,0,0,1,0,28
39,5,0.666666667,6857.795821,62945732.79,0.49166675,0.0225000389,59
40,2,0,0,0,0,0,30
41,4.75,0.25,6773.75,61160190.08,0.54166675,0.00694447222,59
42,3.333333333,0.333333333,0.333333333,0.333333333,0.833333333,0.0833333333,32
43,2,0,0,0,0,0,33
44,3.25,0.25,3.54166675,0.951388806,0.2916665,0.00694438889,73
45,6,3,49791.20196,1114240070,0.383333333,0.0686112222,1367
46,2,0,0,0,0,0,34
47,3.333333333,5.333333333,37511.33333,4221300385,0,0,270
48,4.5,0.333333333,13546.5,244640760.3,0.541667,0.0208333333,59
49,1.333333333,0.333333333,0.333333333,0.333333333,0,0,35
50,1.333333333,0.333333333,0.333333333,0.333333333,0,0,6
51,2.25,3.583333333,13546.25,734003556.3,0,0,59
52,1.333333333,0.333333333,0,0,0,0,36
53,2,0,0,0,0,0,37
54,3.5,18,5.25,220.5,0,0,43
55,2,0,0,0,0,0,38
56,1.333333333,0.333333333,0.333333333,0.333333333,0,0,16
57,2.666666667,1.333333333,0.666666667,1.333333333,0,0,1
58,4,2.666666667,1,4,0.58333325,0.250000056,2263
59,3.666666667,33.33333333,9.166666667,1008.333333,0,0,42
60,4,1.333333333,13547,366997263.2,0.4166665,0.0092592963,59
61,4,37.47368421,44730.95,2.65E+10,0.1170996,0.0762132322,1656
62,5.181818182,68.72727273,66332.88609,6.83E+10,0.5463635,0.0920527319,56
63,5.75,0.25,16661.99354,361908756,0.6333335,0.0164814963,59
64,5,0.666666667,35949.66667,2017018968,0.58333325,0.00462964815,59
65,3.714285714,13.57142857,88409.64286,1.36E+10,0,0,190
66,2.25,3.583333333,13546.25,734003556.3,0,0,73
67,1,0,0,0,0,0,44
68,2.25,3.583333333,13546.25,734003556.3,0,0,59
69,3,8.8,2.666666667,42.66666667,0,0,568
70,3.2,3.2,2,7.5,0.3,0.172222194,46
71,2,0,0,0,0,0,48
72,2.666666667,4.666666667,1.333333333,10.66666667,0.175,0.06375,66
73,2.75,27.98684211,14.55,2266.681579,0.05833335,0.0241959102,162
74,2,1,0.333333333,0.333333333,0,0,50
75,7.21758794,447.0350852,160981.1378,3.77E+12,0.0494319693,0.022739277,1490.398995
76,4.333333333,0.333333333,19454,1135374348,0.777777667,0.148148296,1160
77,1,0,0,0,0,0,52
78,4,2.666666667,1,4,0.58333325,0.250000056,75
79,3,63.17241379,16.33333333,8003.333333,0,0,559
80,1,0,0,0,0,0,53
81,3,4,1.5,9,0,0,54
82,3.2,7.2,2.4,28.8,0,0,55
83,2.5,3,1,4,0,0,611
84,5.25,0.916666667,20838.66667,306077671.8,0.625,0.00231485185,73
85,3,4,1.5,9,0,0,57
86,2,0,0,0,0,0,58
87,8.789659224,281.52394,139914.281,3.24E+11,0.0584275347,0.0233299191,1469.822562
88,1,0,0,0,0,0,60
89,2.25,3.583333333,13546.25,734003556.3,0,0,59
90,2,0,0,0,0,0,61
91,1,0,0,0,0,0,62
92,1.666666667,1.333333333,5.666666667,96.33333333,0,0,162
93,6.638095238,117.8003267,147230.2588,4.96E+11,0.0657157098,0.0373980389,1304.212063
94,1,0,0,0,0,0,64
95,9.171428571,296.2020704,29813.04308,3.19E+10,0.4395307,0.147391551,2001.1
96,2,0,1,0,0.5,0,65
97,4.5,0.333333333,13546.5,244640760.3,0.541667,0.0208333333,59
98,3.5,1,50539.375,1480052122,0.4166665,0.0092592963,73
99,2,0,1,0,0.5,0,68
100,4,90.4137931,26.73333333,18703.85747,0.077866,0.0588621848,2483
101,2.666666667,1.333333333,0.666666667,1.333333333,0,0,69
102,2.666666667,1.333333333,0.666666667,1.333333333,0,0,70
103,4.5,1,27092,1345524182,0.55000025,0.0544445222,59
104,6.937859609,287.3371479,163455.6031,1.23E+12,0.0591811623,0.0279587412,1480.296893
105,2,0,1,0,0.5,0,14
106,2,0,0,0,0,0,71
107,4,2,56265.5,5682226787,0.4375,0.015625,59
108,5.361940299,55.03330259,107601.2543,1.68E+11,0.180266082,0.074398984,1728.320896
109,2,0,0,0,0,0,76
110,2.857142857,33.72857143,10.71428571,1842.314286,0,0,1173
111,2,0,0,0,0,0,77
112,2.666666667,1.333333333,0.666666667,1.333333333,0,0,78
113,2,0,0,0,0,0,80
114,7.985714286,205.4611875,97663.34021,1.22E+11,0.0536645219,0.0272218558,1324.538095
115,2.25,3.583333333,13546.25,734003556.3,0,0,59
116,2,0,0,0,0,0,83
117,2,0,0,0,0,0,85
118,2.666666667,1.333333333,0.666666667,1.333333333,0,0,86
119,2,0,0,0,0,0,87
120,1.333333333,0.333333333,0.333333333,0.333333333,0,0,88
121,2,0,0,0,0,0,89
122,2.666666667,1.333333333,0.666666667,1.333333333,0,0,90
123,7.339418526,162.259548,113631.4291,2.36E+11,0.0369354435,0.0194402968,1520.774848
124,8.222396651,423.8651735,115526.5098,4.06E+11,0.0676657279,0.0385147185,1395.287807
125,8.057675997,289.772562,119543.3004,2.08E+11,0.048435698,0.0224986359,1342.043257
126,1,0,0,0,0,0,94
127,1,0,0,0,0,0,95
128,5.596170583,414.1312048,176492.6256,1.56E+12,0.0776298068,0.0529100827,1055.008703
129,1,0,0,0,0,0,96
130,2,0,1,0,0.5,0,97
131,2,1,0.333333333,0.333333333,0,0,98
132,2,0,0,0,0,0,99
133,1.6,1.8,0,0,0,0,1282
134,1.5,1,0.5,1,0,0,721
135,2,0,0,0,0,0,101
136,3.444444444,3.527777778,33116.88889,4914215652,0.174074111,0.12271604,104
137,2.666666667,1.333333333,0.666666667,1.333333333,0,0,105
138,8.194256757,370.0197134,116477.773,3.47E+11,0.0674256681,0.0323986332,1423.961993
139,7.986960883,363.3924001,107914.0837,3.77E+11,0.0589460261,0.0288718767,1362.598796
140,2,1,0.333333333,0.333333333,0,0,106
141,8.045558087,240.7368046,131777.1184,4.12E+11,0.0540510399,0.0287954105,1282.121868
142,7.038014784,327.0846608,112791.2697,3.74E+11,0.0671629197,0.0424610615,1321.637804
143,7.82712766,202.0366533,93653.50913,1.10E+11,0.0467427394,0.0243139196,1494.142287
144,5,0.5,44593.4,3277011753,0.3999998,0.00833336667,1364
145,7.395770393,213.8805063,108630.2293,3.87E+11,0.0694376898,0.0389374726,1635.601208
146,1,0,0,0,0,0,110
147,2.666666667,1.333333333,0.666666667,1.333333333,0,0,111
148,2,1,0.333333333,0.333333333,0,0,1517
149,3,3.6,2.833333333,10.56666667,0.166666667,0.0444444222,474
150,2,0,0,0,0,0,113
151,2,0,0,0,0,0,114
152,2,0,0,0,0,0,115
153,2.5,3,1,4,0,0,100
154,2.5,3,1,4,0,0,116
155,2,0,0,0,0,0,118
156,5.756541524,219.475968,148698.6414,3.28E+12,0.0603526268,0.0445511561,1469.05802
157,2,2,0.5,1,0,0,629
158,1.333333333,0.333333333,0.333333333,0.333333333,0,0,10
159,1.333333333,0.333333333,0,0,0,0,121
160,2.666666667,5.066666667,2.5,19.9,0.258333333,0.170416667,382
161,1,0,0,0,0,0,122
162,4,9.333333333,23222.85714,3774809640,0.298469429,0.0825825911,607
163,2,1,0.333333333,0.333333333,0,0,125
164,2,0,0,0,0,0,126
165,2,0,0,0,0,0,129
166,2,0,0,0,0,0,131
167,2,0,0,0,0,0,133
168,1,0,0,0,0,0,135
169,1,0,0,0,0,0,136
170,1.833333333,4.166666667,1.333333333,10.66666667,0,0,186
171,4.333333333,0.266666667,2,9.6,0.777777667,0.118518637,140
172,1.333333333,0.333333333,0,0,0,0,141
173,1,0,0,0,0,0,142
174,2.666666667,1.333333333,0.666666667,1.333333333,0,0,1408
175,2,1,0.333333333,0.333333333,0,0,143
176,2,0,0,0,0,0,146
177,1,0,0,0,0,0,148
178,2.666666667,1.333333333,0.666666667,1.333333333,0,0,149
179,2,0,0,0,0,0,150
180,3,4,1.5,9,0,0,1114
181,1.333333333,0.333333333,0.333333333,0.333333333,0,0,157
182,2,0,0,0,0,0,158
183,2,0,0,0,0,0,160
184,2.666666667,1.333333333,0.666666667,1.333333333,0,0,473
185,1.333333333,0.333333333,0.333333333,0.333333333,0,0,165
186,1,0,0,0,0,0,166
187,3.333333333,0.333333333,0.333333333,0.333333333,0.833333333,0.0833333333,169
188,3.4,2.711111111,0,0,0,0,361
189,2,0,0,0,0,0,170
190,3.545454545,56.35497835,14.45454545,4581.426407,0.121428591,0.100956176,914
191,1,0,0,0,0,0,171
192,1,0,0,0,0,0,175
193,2,0,0,0,0,0,177
194,2,0,0,0,0,0,178
195,1,0,0,0,0,0,180
196,1.333333333,0.333333333,0,0,0,0,2032
197,2,0,0,0,0,0,182
198,1.333333333,0.333333333,0.333333333,0.333333333,0,0,682
199,1,0,0,0,0,0,187
200,1,0,0,0,0,0,189
201,2,0,0,0,0,0,194
202,7.493506494,92.37309902,142476.2889,1.90E+11,0.0788786401,0.0412575749,1175.207792
203,2,0,0,0,0,0,196
204,2,0,0,0,0,0,199
205,2,0,0,0,0,0,201
206,1,0,0,0,0,0,203
207,2,1,0.333333333,0.333333333,0,0,204
208,1,0,0,0,0,0,206
209,2,0,0,0,0,0,207
210,2.666666667,1.333333333,0.666666667,1.333333333,0,0,208
211,2,0,0,0,0,0,209
212,2,0,0,0,0,0,210
213,2,0,0,0,0,0,211
214,2,2,0.75,2.25,0,0,793
215,2,0,0,0,0,0,213
216,1,0,0,0,0,0,216
217,2.666666667,1.333333333,0.666666667,1.333333333,0,0,222
218,1,0,0,0,0,0,223
219,2.666666667,1.333333333,0.666666667,1.333333333,0,0,224
220,2.666666667,0.333333333,0,0,0.666666667,0.0833333333,225
221,2.2,3.288888889,1.4,6.044444444,0,0,1579
222,2.666666667,1.333333333,0.666666667,1.333333333,0,0,232
223,2,1,0.333333333,0.333333333,0,0,236
224,1,0,0,0,0,0,237
225,2,1,0.333333333,0.333333333,0,0,238
226,1,0,0,0,0,0,246
227,2,0,0,0,0,0,247
228,2.5,1.666666667,1.25,2.25,0,0,251
229,2,0,0,0,0,0,252
230,1,0,0,0,0,0,253
231,3,1.333333333,2,5.333333333,0,0,1701
232,1,0,0,0,0,0,256
233,2,0,0,0,0,0,258
234,2,0,0,0,0,0,260
235,2,1,0.333333333,0.333333333,0,0,272
236,2,2,0.75,2.25,0,0,273
237,2.666666667,1.333333333,0.666666667,1.333333333,0,0,274
238,1.333333333,0.333333333,0.333333333,0.333333333,0,0,1276
239,2,0,0,0,0,0,284
240,2,1,0.333333333,0.333333333,0,0,921
241,1.333333333,0.333333333,0,0,0,0,350
242,2,0,0,0,0,0,290
243,2,0,0,0,0,0,291
244,2,0,0,0,0,0,292
245,6.398230088,67.59892541,65409.11538,2.37E+10,0.0903680442,0.0485330322,1164.80531
246,1.333333333,0.333333333,0.333333333,0.333333333,0,0,295
247,2,0,0,0,0,0,302
248,2,0,0,0,0,0,304
249,2,1,0.333333333,0.333333333,0,0,200
250,1.75,4.5,0,0,0,0,244
251,2,0,0,0,0,0,308
252,1.5,0.333333333,0,0,0,0,645
253,7.714285714,187.0766046,414086.2489,4.14E+12,0.193080186,0.108632382,473.6857143
254,2,1,0.333333333,0.333333333,0,0,310
255,2,0,0,0,0,0,311
256,2,0,0,0,0,0,313
257,2.5,3,1,4,0,0,315
258,1,0,0,0,0,0,317
259,1,0,0,0,0,0,318
260,2,0,0,0,0,0,319
261,2,0,0,0,0,0,323
262,1,0,0,0,0,0,327
263,2,0,0,0,0,0,328
264,1,0,0,0,0,0,329
265,3,4,1.5,9,0,0,398
266,2,0,0,0,0,0,331
267,2,0,0,0,0,0,332
268,6.521276596,43.17696179,96301.63717,9.81E+10,0.247355106,0.0982847361,599.5319149
269,1,0,0,0,0,0,336
270,1,0,0,0,0,0,340
271,2,0,0,0,0,0,343
272,2.285714286,1.904761905,2.714285714,11.57142857,0,0,345
273,1,0,0,0,0,0,348
274,1,0,0,0,0,0,349
275,2,1,0.333333333,0.333333333,0,0,352
276,3.2,20.02857143,5.999999933,398.9523815,0,0,74
277,3.636363636,29.45454545,8.181818182,736.3636364,0,0,269
278,2,0,0,0,0,0,363
279,2,0,0,0,0,0,364
280,2,0,0,0,0,0,368
281,1,0,0,0,0,0,371
282,2,0,0,0,0,0,372
283,1.5,1,0.5,1,0,0,373
284,1.5,1,0,0,0,0,378
285,2,0,0,0,0,0,380
286,2,0,0,0,0,0,383
287,2,0,0,0,0,0,385
288,2,1.142857143,1.5,4.285714286,0.135416625,0.0514632986,1205
289,1,0,0,0,0,0,389
290,5,1.333333333,0.5,0.333333333,0.8333335,0.037036963,392
291,2,0,0,0,0,0,397
292,1,0,0,0,0,0,404
293,1.333333333,0.333333333,0.333333333,0.333333333,0,0,409
294,1,0,0,0,0,0,410
295,3.333333333,0.333333333,0.333333333,0.333333333,0.833333333,0.0833333333,147
296,2,0,0,0,0,0,413
297,1,0,0,0,0,0,415
298,1,0,0,0,0,0,416
299,2,0,0,0,0,0,423
300,1,0,0,0,0,0,424
301,1,0,0,0,0,0,429
302,3,2,28134,1583043912,0,0,1588
303,1,0,0,0,0,0,445
304,1,0,0,0,0,0,450
305,2.491803279,91.75409836,16.85245902,17324.32787,0,0,248
306,1,0,0,0,0,0,454
307,1,0,0,0,0,0,455
308,2,0,0,0,0,0,458
309,1,0,0,0,0,0,464
310,2,0,0,0,0,0,467
311,1,0,0,0,0,0,475
312,1,0,0,0,0,0,476
313,1,0,0,0,0,0,477
314,2,0,0,0,0,0,480
315,2,0,0,0,0,0,485
316,2,0,0,0,0,0,486
317,5.707317073,483.419452,148267.847,1.02E+12,0.117671622,0.0859067977,1412.890244
318,2,0,0,0,0,0,492
319,1,0,0,0,0,0,493
320,4.72,21.29333333,90514.92642,4.06E+10,0,0,119.6
321,2,2,0.5,1,0,0,636
322,1,0,0,0,0,0,506
323,2,0,0,0,0,0,509
324,2,1,0.333333333,0.333333333,0,0,510
325,1,0,0,0,0,0,512
326,2,0,0,0,0,0,515
327,6.903339192,142.3301384,90309.85998,1.34E+11,0.0613062337,0.0325220628,1518.434095
328,1,0,0,0,0,0,516
329,2,0,0,0,0,0,522
330,1.333333333,0.333333333,0.333333333,0.333333333,0,0,525
331,2,0,0,0,0,0,528
332,2,0,0,0,0,0,533
333,2,1,0.333333333,0.333333333,0,0,536
334,2,0,0,0,0,0,543
335,1,0,0,0,0,0,545
336,2,0,0,0,0,0,554
337,1,0,0,0,0,0,571
338,2.666666667,1.333333333,0.666666667,1.333333333,0,0,572
339,2,0,0,0,0,0,575
340,2,0,0,0,0,0,579
341,2,0,0,0,0,0,582
342,1.333333333,0.333333333,0.333333333,0.333333333,0,0,391
343,2,0,0,0,0,0,593
344,1,0,0,0,0,0,602
345,2,0,0,0,0,0,604
346,2,0,0,0,0,0,609
347,1,0,0,0,0,0,616
348,1.333333333,0.333333333,0,0,0,0,769
349,2,0,0,0,0,0,618
350,1,0,0,0,0,0,623
351,1.333333333,0.333333333,0.333333333,0.333333333,0,0,626
352,1.333333333,0.333333333,0,0,0,0,627
353,2,0,0,0,0,0,630
354,1.333333333,0.333333333,0.333333333,0.333333333,0,0,631
355,1,0,0,0,0,0,637
356,1,0,0,0,0,0,642
357,6.047101449,149.5517232,150229.1395,6.84E+11,0.0396872192,0.0209101555,972.2155797
358,1,0,0,0,0,0,652
359,1.333333333,0.333333333,0,0,0,0,653
360,2.476190476,2.761904762,2.80952381,22.43690476,0.0198412857,0.00271164788,657
361,1,0,0,0,0,0,658
362,2,0,0,0,0,0,664
363,1,0,0,0,0,0,665
364,2.5,3,1,4,0,0,666
365,1,0,0,0,0,0,667
366,2,0,0,0,0,0,669
367,3.333333333,0.333333333,0.333333333,0.333333333,0.833333333,0.0833333333,673
368,1,0,0,0,0,0,675
369,7.298013245,150.730596,63722.20738,2.93E+10,0.22617457,0.139178422,1413.81457
370,1.333333333,0.333333333,0,0,0,0,690
371,1,0,0,0,0,0,692
372,2,0,0,0,0,0,694
373,1.333333333,0.333333333,0,0,0,0,695
374,1,0,0,0,0,0,704
375,1,0,0,0,0,0,706
376,1,0,0,0,0,0,712
377,7.730238394,213.8253785,102401.2969,1.92E+11,0.0696403839,0.0350991865,1561.188206
378,2,0,0,0,0,0,715
379,1,0,0,0,0,0,716
380,2,0,0,0,0.5,0,727
381,2,0,0,0,0,0,728
382,2,0,0,0,0,0,729
383,1,0,0,0,0,0,742
384,1,0,0,0,0,0,743
385,1,0,0,0,0,0,750
386,1,0,0,0,0,0,751
387,2,0,0,0,0,0,758
388,1,0,0,0,0,0,760
389,1,0,0,0,0,0,764
390,1,0,0,0,0,0,767
391,2,0,0,0,0,0,771
392,5.971098266,70.13622871,160324.9555,3.72E+11,0.105902025,0.0527158452,1830.903661
393,2,0,0,0,0.5,0,775
394,1,0,0,0,0,0,783
395,2,0,0,0,0,0,785
396,2,0,0,0,0,0,795
397,1,0,0,0,0,0,796
398,1,0,0,0,0,0,799
399,2,0,0,0,0,0,801
400,1,0,0,0,0,0,803
401,2,0,0,0,0,0,804
402,1,0,0,0,0,0,809
403,1,0,0,0,0,0,812
404,1,0,0,0,0,0,815
405,1,0,0,0,0,0,818
406,1,0,0,0,0,0,821
407,2,0,0,0,0,0,823
408,1,0,0,0,0,0,828
409,1,0,0,0,0,0,829
410,2,0,0,0,0,0,831
411,1,0,0,0,0,0,835
412,1,0,0,0,0,0,840
413,1,0,0,0,0,0,841
414,2.5,3,1,4,0,0,634
415,2,0,0,0,0,0,843
416,1,0,0,0,0,0,849
417,1,0,0,0,0,0,854
418,1,0,0,0,0,0,860
419,1.333333333,0.333333333,0.333333333,0.333333333,0,0,861
420,1,0,0,0,0,0,874
421,6.464285714,1906.729903,392861.2118,1.87E+13,0.0537593357,0.040711656,333.6857143
422,1,0,0,0,0,0,888
423,2,3,0.6,1.8,0,0,1053
424,1.818181818,7.363636364,0,0,0,0,896
425,1,0,0,0,0,0,900
426,6.640545145,417.1896843,181314.4897,3.81E+12,0.0576230528,0.0266000044,1552.974446
427,2,0,0,0,0,0,910
428,2,0,0,0,0,0,911
429,2,0,0,0,0,0,919
430,1,0,0,0,0,0,922
431,3.333333333,0.333333333,0.333333333,0.333333333,0.833333333,0.0833333333,923
432,2,0,0,0,0,0,924
433,3.986842105,62.33022258,61115.48091,7.15E+10,0.105288728,0.0738677474,1354.513158
434,2.4,2.8,1.4,4.8,0,0,1025
435,3.5,3,1.25,6.25,0.54166675,0.284722139,2560
436,1,0,0,0,0,0,936
437,2,1,0.333333333,0.333333333,0,0,939
438,1,0,0,0,0,0,940
439,1,0,0,0,0,0,944
440,2.75,2.25,1,4,0,0,1364
441,2,0,0,0,0,0,949
442,2,0,0,0,0,0,950
443,1.333333333,0.333333333,0.333333333,0.333333333,0,0,789
444,1,0,0,0,0,0,957
445,2,0,0,0,0,0,959
446,2.666666667,1.333333333,0.666666667,1.333333333,0,0,242
447,1,0,0,0,0,0,966
448,2,0,0,0,0,0,976
449,1,0,0,0,0,0,978
450,2,0,0,0,0,0,983
451,2,0,0,0,0,0,987
452,1,0,0,0,0,0,997
453,2.666666667,1.333333333,0.666666667,1.333333333,0,0,761
454,1,0,0,0,0,0,1004
455,2,0,0,0,0,0,1007
456,1,0,0,0,0,0,1011
457,1,0,0,0,0,0,1014
458,4.039274924,279.9711801,99377.40386,4.43E+11,0.0980736073,0.0711647596,545.9093656
459,2,0,0,0,0,0,1024
460,2,0,0,0,0,0,1026
461,1,0,0,0,0,0,1030
462,1,0,0,0,0,0,1036
463,2,0,0,0,0,0,1037
464,1.666666667,2.666666667,1,6,0,0,1237
465,2,0,0,0,0,0,1042
466,2,0,0,0,0,0,1044
467,2,0,0,0,0,0,1046
468,4.772727273,19.1564482,86368.91993,6.54E+10,0.230434182,0.0885956758,1090.045455
469,2,0,0,0,0,0,1051
470,2,0,0,0,0,0,1056
471,1.333333333,0.333333333,0,0,0,0,1058
472,1,0,0,0,0,0,1068
473,1,0,0,0,0,0,1074
474,1,0,0,0,0,0,1075
475,2,0,0,0,0,0,1077
476,2,0,0,0,0,0,1080
477,2,0,0,0,0,0,1081
478,2,1,0.333333333,0.333333333,0,0,1083
479,2,0,0,0,0,0,1085
480,1,0,0,0,0,0,1098
481,2,0,0,0,0,0,1099
482,1,0,0,0,0,0,1100
483,3,6.4,3.166666667,36.16666667,0,0,1799
484,1,0,0,0,0,0,1102
485,1,0,0,0,0,0,1116
486,1,0,0,0,0,0,1120
487,1,0,0,0,0,0,1122
488,1.666666667,0.666666667,0.333333333,0.666666667,0,0,834
489,2,1,0.333333333,0.333333333,0,0,1127
490,1,0,0,0,0,0,1137
491,1.333333333,0.333333333,0,0,0,0,954
492,3.5,1.666666667,1.5,3.666666667,0.45833325,0.173611139,969
493,1,0,0,0,0,0,1138
494,2,1.333333333,0.5,0.333333333,0,0,1990
495,1,0,0,0,0,0,1149
496,2.666666667,1.333333333,0.666666667,1.333333333,0,0,1126
497,1,0,0,0,0,0,1153
498,2,0,0,0,0,0,1157
499,2,0,0,0,0,0,1175
500,2,0,0,0,0,0,1176
501,2,0,0,0,0,0,1177
502,1,0,0,0,0,0,1178
503,2.666666667,1.333333333,0.666666667,1.333333333,0,0,453
504,1,0,0,0,0,0,1184
505,2,0,0,0,0,0,1187
506,1.333333333,0.333333333,0.333333333,0.333333333,0,0,1190
507,1,0,0,0,0,0,1191
508,2,2,0.75,2.25,0,0,820
509,1.333333333,0.333333333,0.333333333,0.333333333,0,0,1195
510,1,0,0,0,0,0,1201
511,1,0,0,0,0,0,1202
512,1,0,0,0,0,0,1204
513,2,0,0,0,0,0,1210
514,1,0,0,0,0,0,1212
515,1,0,0,0,0,0,1214
516,1,0,0,0,0,0,1223
517,2,0,0,0,0,0,1226
518,1,0,0,0,0,0,1232
519,2,0.666666667,0,0,0.29166675,0.0624999722,1234
520,1,0,0,0,0,0,1235
521,1,0,0,0,0,0,1236
522,1.5,0.333333333,1,1.333333333,0,0,1241
523,2,0,0,0,0,0,1245
524,1,0,0,0,0,0,1248
525,2.5,3,1,4,0,0,1266
526,1,0,0,0,0,0,1272
527,1.5,0.333333333,0,0,0,0,1805
528,1,0,0,0,0,0,1290
529,2,0,0,0,0,0,1294
530,1,0,0,0,0,0,1296
531,1,0,0,0,0,0,1299
532,2,0,0,0,0,0,1304
533,2.666666667,1.333333333,0.666666667,1.333333333,0,0,1306
534,2,2,0.75,2.25,0,0,1066
535,7.629969419,112.5292642,139608.0662,2.62E+11,0.0670099154,0.0364460933,1310.125382
536,2,0,0,0,0,0,1312
537,1,0,0,0,0,0,1314
538,2,0,0,0,0,0,1317
539,1.333333333,0.333333333,0,0,0,0,574
540,1.333333333,0.333333333,0,0,0,0,1331
541,2,0,0,0,0,0,1344
542,1,0,0,0,0,0,1345
543,2,0,0,0,0,0,1354
544,2,0,0,0,0,0,1359
545,2,0,0,0,0,0,1360
546,7.750955414,219.0615829,126401.5289,3.49E+11,0.0598504936,0.0323619605,1393.753503
547,1.5,0.333333333,0.25,0.25,0,0,1362
548,2,1,0.333333333,0.333333333,0,0,1369
549,1.333333333,0.333333333,0,0,0,0,1370
550,6.294117647,31.78966132,121655.904,5.12E+10,0.338643735,0.11533365,1367
551,2.8,5.7,1.8,16.2,0,0,1373
552,2,0,0,0,0,0,1382
553,2,0,0,0,0,0,1386
554,4.111111111,14.36111111,42998.56378,4557654590,0.0185185556,0.0030864321,1387
555,6.786324786,383.9280872,214340.7142,2.13E+12,0.0170891197,0.0100054695,1855.076923
556,2,0,0,0,0,0,1401
557,2,0,0,0,0,0,1407
558,2,0,0,0,0,0,1409
559,1,0,0,0,0,0,1410
560,1.333333333,0.333333333,0,0,0,0,1411
561,2,0.666666667,0.25,0.25,0,0,1595
562,2,0,0,0,0,0,1413
563,2,2,0.75,2.25,0,0,1415
564,2,0,0,0,0,0,1424
565,2,0,0,0,0,0,1425
566,2,0,0,0,0,0,1432
567,5.884615385,49.04524887,132524.6748,1.46E+11,0.0420751731,0.029245804,1417.711538
568,1,0,0,0,0,0,1438
569,3.777777778,8.444444444,55798.44444,1.54E+10,0.214814889,0.0916976062,2069
570,2,0,0,0,0,0,1453
571,1,0,0,0,0,0,1462
572,2,0,0,0,0,0,1464
573,4.407407407,37.36944444,72497.21225,3.28E+10,0.0577820988,0.0255756779,1595.765432
574,2,0,0,0,0,0,1490
575,2.666666667,1.333333333,0.666666667,1.333333333,0,0,1497
576,1.333333333,0.333333333,0,0,0,0,1250
577,2,1.333333333,0.5,0.333333333,0,0,1505
578,1,0,0,0,0,0,1516
579,2,0,0,0,0,0,1520
580,2,0,0,0,0,0,1524
581,1,0,0,0,0,0,1526
582,1,0,0,0,0,0,1528
583,2,0,0,0,0,0,1529
584,1,0,0,0,0,0,1533
585,1.333333333,0.333333333,0,0,0,0,1546
586,2.666666667,1.333333333,0.666666667,1.333333333,0,0,1551
587,1.6,0.3,2,3.5,0,0,1558
588,2.666666667,1.333333333,0.666666667,1.333333333,0,0,1555
589,2,0,0,0,0,0,1572
590,2,0,0,0,0,0,1577
591,2,0,0,0,0,0,1578
592,2,1,0.333333333,0.333333333,0,0,1586
593,1,0,0,0,0,0,1600
594,4.31276901,66.8934143,104115.3766,2.10E+11,0.0769076442,0.0371254064,1600.747489
595,2,0,0,0,0,0,1630
596,1.333333333,0.333333333,0.333333333,0.333333333,0,0,1635
597,1,0,0,0,0,0,1642
598,2,0,0,0,0,0,1643
599,9.041948579,241.0998639,98331.38386,1.29E+11,0.0958490568,0.0443764453,1237.266576
600,2,0,0,0,0,0,1678
601,2,0,0,0,0,0,1683
602,1,0,0,0,0,0,1684
603,2,0,0,0,0,0,1694
604,2,1,0.333333333,0.333333333,0,0,1698
605,1,0,0,0,0,0,1699
606,1,0,0,0,0,0,1700
607,2,0,0,0,0,0,1706
608,2,0,0,0,0,0,1712
609,2,0,0,0,0,0,1713
610,1,0,0,0,0,0,1716
611,1.75,1.928571429,1.375,8.267857143,0,0,1929
612,1,0,0,0,0,0,1740
613,1,0,0,0,0,0,1742
614,2,1.5,0.4,0.8,0.2166666,0.0680555778,2083
615,1.333333333,0.333333333,0.333333333,0.333333333,0,0,1196
616,1,0,0,0,0,0,1757
617,2,0,0,0,0,0,1758
618,1,0,0,0,0,0,1759
619,1.333333333,0.333333333,0.333333333,0.333333333,0,0,1761
620,2.8,5.7,1.8,16.2,0,0,1786
621,2,0,0,0,0,0,1788
622,1,0,0,0,0,0,1818
623,2,0,0,0,0,0,1840
624,2,0,0,0,0,0,1849
625,1.333333333,0.333333333,0.333333333,0.333333333,0,0,1850
626,1.333333333,0.333333333,0.333333333,0.333333333,0,0,1640
627,1,0,0,0,0,0,1861
628,1.5,1,0.5,1,0,0,581
629,2,0,0,0,0,0,1867
630,1,0,0,0,0,0,1875
631,2,0,0,0,0,0,1894
632,2,0,0,0,0,0,1895
633,1,0,0,0,0,0,1905
634,1,0,0,0,0,0,1906
635,2,2,0.75,2.25,0,0,1047
636,3.868131868,489.835488,30287.75351,8.96E+10,0.0137738864,0.00750925489,1141.750916
637,2,0,0,0,0,0,1922
638,2,0,0,0,0,0,1923
639,1,0,0,0,0,0,1927
640,1.333333333,0.333333333,0.333333333,0.333333333,0,0,1932
641,1.333333333,0.333333333,0,0,0,0,1941
642,1.5,0.333333333,0,0,0,0,1942
643,1,0,0,0,0,0,1953
644,1,0,0,0,0,0,1966
645,1,0,0,0,0,0,1968
646,1.333333333,0.333333333,0,0,0,0,1970
647,1,0,0,0,0,0,1976
648,2,0,0,0,0,0,1979
649,3.166666667,8.566666667,37176.09277,6162956310,0,0,943
650,1,0,0,0,0,0,1985
651,1.333333333,0.333333333,0.333333333,0.333333333,0,0,1989
652,2,0,0,0,0,0,1993
653,1,0,0,0,0,0,1996
654,1,0,0,0,0,0,2002
655,2,0,0,0,0,0,2004
656,1,0,0,0,0,0,2009
657,1,0,0,0,0,0,2031
658,1,0,0,0,0,0,2036
659,2,0,0,0,0,0,2042
660,2,0,0,0,0,0,2044
661,2,0,0,0,0,0,2051
662,2,0,0,0,0,0,2052
663,2.571428571,4.952380952,3.142857143,31.80952381,0,0,2057
664,1,0,0,0,0,0,2062
665,2,0,0,0,0,0,2063
666,1,0,0,0,0,0,2064
667,1,0,0,0,0,0,2068
668,1,0,0,0,0,0,2070
669,1,0,0,0,0,0,2071
670,2,0,0,0,0,0,2073
671,1,0,0,0,0,0,2078
672,1,0,0,0,0,0,2079
673,1,0,0,0,0,0,2087
674,1,0,0,0,0,0,2092
675,2,0,0,0,0,0,2096
676,1,0,0,0,0,0,2097
677,1,0,0,0,0,0,2098
678,2,0,0,0,0,0,2099
679,2,0,0,0,0,0,2104
680,1,0,0,0,0,0,2107
681,1,0,0,0,0,0,2110
682,2,0,0,0,0,0,2111
683,2,0,0,0,0,0,2123
684,4.25,10.5,4.125,117.9535714,0,0,2128
685,1,0,0,0,0,0,2131
686,5.333333333,29.13333333,100638.5741,8.01E+10,0.096992619,0.0204853655,1707.52381
687,1.333333333,0.333333333,0,0,0,0,2133
688,1,0,0,0,0,0,2134
689,1,0,0,0,0,0,2139
690,1,0,0,0,0,0,2140
691,2,0,0,0,0,0,2143
692,2,0,0,0,0,0,2144
693,2,0,0,0,0,0,2145
694,2,0,0,0,0,0,2153
695,1,0,0,0,0,0,2160
696,1,0,0,0,0,0,2167
697,2.795454545,10.25951374,11084.84091,1035139609,0.0539701591,0.0207995195,2343
698,1,0,0,0,0,0,2180
699,2,0,0,0,0,0,2188
700,1.857142857,7.208791209,0.142857143,0.285714286,0,0,2200
701,1,0,0,0,0,0,2209
702,5.76,126.5942857,104315.4318,9.01E+10,0.02353078,0.0200305979,1568.86
703,1,0,0,0,0,0,2230
704,2.5,3,1,4,0,0,2235
705,1,0,0,0,0,0,2236
706,1,0,0,0,0,0,2244
707,1,0,0,0,0,0,2252
708,1,0,0,0,0,0,2254
709,2,0,0,0,0,0,2271
710,7.396630934,193.9636083,102116.4201,1.88E+11,0.0495259923,0.0223417163,1480.199081
711,2.4,2.8,1.4,4.8,0,0,2281
712,1.714285714,3.571428571,0,0,0,0,2276
713,3.666666667,5.466666667,1.833333333,10.56666667,0.583333333,0.216666667,2285
714,5.103448276,157.3496391,38666.71892,1.66E+10,0.0438782874,0.0195754578,826.6781609
715,1,0,0,0,0,0,2296
716,2,0,0,0,0,0,2300
717,2,0,0,0,0,0,2302
718,3.6,6.3,2.2,24.2,0.4166666,0.284722278,2312
719,2,0,0,0,0,0,2321
720,2,1,0.333333333,0.333333333,0,0,2323
721,1.6,1.8,0,0,0,0,2324
722,2,0,0,0,0,0,2325
723,2,0,0,0,0,0,2328
724,1.333333333,0.333333333,0,0,0,0,2330
725,1,0,0,0,0,0,2333
726,1,0,0,0,0,0,2345
727,1,0,0,0,0,0,2348
728,1.333333333,0.333333333,0.333333333,0.333333333,0,0,613
729,1,0,0,0,0,0,2354
730,1,0,0,0,0,0,2360
731,2.666666667,1.333333333,0.666666667,1.333333333,0,0,2362
732,2,0,0,0,0,0,2366
733,1,0,0,0,0,0,2368
734,1,0,0,0,0,0,2369
735,1,0,0,0,0,0,2372
736,1,0,0,0,0,0,2382
737,2.5,3,1,4,0,0,982
738,2,0,0,0,0,0,2390
739,1.333333333,0.333333333,0,0,0,0,2392
740,1,0,0,0,0,0,2398
741,2,0,0,0,0,0,2410
742,1,0,0,0,0,0,2419
743,7.151955307,510.0730806,119787.1427,1.51E+12,0.072087314,0.0426611212,1286.786592
744,1,0,0,0,0,0,2422
745,1.5,0.333333333,0.25,0.25,0,0,2429
746,1,0,0,0,0,0,2435
747,2,0,0,0,0,0,2440
748,1,0,0,0,0,0,2443
749,1,0,0,0,0,0,2444
750,1,0,0,0,0,0,2446
751,1,0,0,0,0,0,2457
752,1,0,0,0,0,0,2460
753,2,0,0,0,0,0,2471
754,1,0,0,0,0,0,2474
755,2,0,0,0,0,0,2477
756,1,0,0,0,0,0,2478
757,1.333333333,0.333333333,0,0,0,0,2482
758,1,0,0,0,0,0,2498
759,1,0,0,0,0,0,2501
760,1,0,0,0,0,0,2506
761,2,0,0,0,0,0,2508
762,2,1,0.333333333,0.333333333,0,0,2100
763,1,0,0,0,0,0,2513
764,2,0,0,0,0,0,2516
765,1.5,1,0.5,1,0,0,2217
766,3.2,7.2,2.4,28.8,0,0,2519
767,2,0,0,0,0,0,2527
768,2,0,0,0,0,0,2536
769,1,0,0,0,0,0,2537
770,1,0,0,0,0,0,2538
771,2,0,0,0,0,0,2539
772,1,0,0,0,0,0,2540
773,2,0,0,0,0,0,2542
774,1,0,0,0,0,0,2544
775,2,0,0,0,0,0,2548
776,1,0,0,0,0,0,2549
777,1,0,0,0,0,0,2550
778,2.666666667,1.333333333,0.666666667,1.333333333,0,0,1601
779,2,0,0,0,0,0,2551
780,1,0,0,0,0,0,2552
781,2,0,0,0,0,0,2553
782,1,0,0,0,0,0,2555
783,2,0,0,0,0,0,2556
784,2,0,0,0,0,0,2557
785,1,0,0,0,0,0,2558
786,2,1,0.333333333,0.333333333,0,0,2674
787,2,0,0,0,0,0,2559
788,1,0,0,0,0,0,2561
789,2,0,0,0,0,0,2562
790,1,0,0,0,0,0,2563
791,1,0,0,0,0,0,2564
792,1.333333333,0.333333333,0.333333333,0.333333333,0,0,488
793,1,0,0,0,0,0,2565
794,2,0,0,0,0,0,2566
795,2,1,0.333333333,0.333333333,0,0,2567
796,1,0,0,0,0,0,2568
797,1,0,0,0,0,0,2569
798,1,0,0,0,0,0,2570
799,1,0,0,0,0,0,2571
800,1,0,0,0,0,0,2572
801,2,0,0,0,0,0,2573
802,2,0,0,0,0,0,2574
803,1,0,0,0,0,0,2575
804,1,0,0,0,0,0,2576
805,2,1,0.333333333,0.333333333,0,0,2601
806,1,0,0,0,0,0,2577
807,1,0,0,0,0,0,2579
808,2,0,0,0,0,0,2580
809,1,0,0,0,0,0,2581
810,2,0,0,0,0,0,2582
811,2,1,0.333333333,0.333333333,0,0,1071
812,1,0,0,0,0,0,2583
813,1,0,0,0,0,0,2584
814,2.153846154,5.474358974,0.384615385,1.256410256,0,0,2505
815,1,0,0,0,0,0,2585
816,2,2,0.5,1,0,0,693
817,1,0,0,0,0,0,2586
818,2,0,0,0,0,0,2587
819,1,0,0,0,0,0,2588
820,1,0,0,0,0,0,2589
821,1,0,0,0,0,0,2590
822,1,0,0,0,0,0,2591
823,1,0,0,0,0,0,2592
824,1,0,0,0,0,0,2593
825,1,0,0,0,0,0,2594
826,1,0,0,0,0,0,2595
827,2.666666667,1.333333333,0.666666667,1.333333333,0,0,400
828,1,0,0,0,0,0,2596
829,2,1,0.333333333,0.333333333,0,0,2294
830,1,0,0,0,0,0,2597
831,1,0,0,0,0,0,2598
832,1,0,0,0,0,0,2599
833,1,0,0,0,0,0,2600
834,1,0,0,0,0,0,2602
835,1,0,0,0,0,0,2604
836,1,0,0,0,0,0,2605
837,1,0,0,0,0,0,2606
838,2,0,0,0,0,0,2607
839,1,0,0,0,0,0,2608
840,1.333333333,0.333333333,0.333333333,0.333333333,0,0,2609
841,1,0,0,0,0,0,2610
842,1.6,1.8,0,0,0,0,2547
843,1,0,0,0,0,0,2611
844,1,0,0,0,0,0,2612
845,1,0,0,0,0,0,2613
846,1,0,0,0,0,0,2614
847,2,2,0.75,2.25,0,0,1498
848,1,0,0,0,0,0,2615
849,1,0,0,0,0,0,2616
850,1,0,0,0,0,0,2617
851,1,0,0,0,0,0,2618
852,1,0,0,0,0,0,2619
853,1,0,0,0,0,0,2620
854,1,0,0,0,0,0,2621
855,1.333333333,0.333333333,0,0,0,0,2628
856,1,0,0,0,0,0,2622
857,1,0,0,0,0,0,2623
858,1,0,0,0,0,0,2625
859,2,1,0.333333333,0.333333333,0,0,1033
860,1,0,0,0,0,0,2626
861,1.333333333,0.333333333,0.333333333,0.333333333,0,0,2627
862,1,0,0,0,0,0,2629
863,1,0,0,0,0,0,2630
864,1,0,0,0,0,0,2631
865,2,0,0,0,0,0,2632
866,2,0,0,0,0,0,2633
867,1.333333333,0.333333333,0,0,0,0,2634
868,1,0,0,0,0,0,2635
869,1,0,0,0,0,0,2636
870,1,0,0,0,0,0,2638
871,2,0,0,0,0,0,2639
872,1,0,0,0,0,0,2640
873,1,0,0,0,0,0,2641
874,2,0,0,0,0,0,2642
875,1,0,0,0,0,0,2643
876,1,0,0,0,0,0,2644
877,2,0,0,0,0,0,2645
878,2,0,0,0,0,0,2646
879,2,0,0,0,0,0,2647
880,2,0,0,0,0,0,2648
881,1,0,0,0,0,0,2649
882,1,0,0,0,0,0,2650
883,3.5,3,0.5,1,0.58333325,0.250000056,2105
884,2.666666667,1.333333333,0.666666667,1.333333333,0,0,1553
885,1,0,0,0,0,0,2651
886,1.333333333,0.333333333,0.333333333,0.333333333,0,0,2652
887,1,0,0,0,0,0,2653
888,1,0,0,0,0,0,2654
889,1,0,0,0,0,0,2656
890,1,0,0,0,0,0,2657
891,1.333333333,0.333333333,0,0,0,0,2658
892,1,0,0,0,0,0,2659
893,2,0,0,0,0,0,2660
894,1,0,0,0,0,0,2661
895,1.333333333,0.333333333,0,0,0,0,2655
896,1.333333333,0.333333333,0,0,0,0,2662
897,1,0,0,0,0,0,2663
898,1,0,0,0,0,0,2665
899,2,0,0,0,0,0,2666
900,2,0,0,0,0,0,2667
901,1,0,0,0,0,0,2669
902,1,0,0,0,0,0,2670
903,1,0,0,0,0,0,2671
904,1,0,0,0,0,0,2672
905,6.849056604,161.7844702,35177.04962,2.10E+10,0.247784774,0.118074849,708.2075472
906,2,0,0,0,0,0,2673
907,1,0,0,0,0,0,2675
908,1,0,0,0,0,0,2676
909,1,0,0,0,0,0,2677
910,1,0,0,0,0,0,2678
911,1,0,0,0,0,0,2679
912,1,0,0,0,0,0,2680
913,1,0,0,0,0,0,2681
914,1,0,0,0,0,0,2682
915,1,0,0,0,0,0,2683
916,1,0,0,0,0,0,2684
917,1,0,0,0,0,0,2685
918,1,0,0,0,0,0,2687
919,2,0,0,0,0,0,2688
920,2,2,0.5,1,0,0,448
921,1,0,0,0,0,0,2689
922,1,0,0,0,0,0,2690
923,1,0,0,0,0,0,2691
924,1.333333333,0.333333333,0,0,0,0,2692
925,2,0,0,0,0,0,2693
926,2,0,0,0,0,0,2695
927,2,0,0,0,0,0,2696
928,1,0,0,0,0,0,2697
929,2.666666667,1.333333333,0.666666667,1.333333333,0,0,2698
930,1,0,0,0,0,0,2699
931,1,0,0,0,0,0,2701
932,2,0,0,0,0,0,2702
933,1,0,0,0,0,0,2703
934,1.333333333,0.333333333,0,0,0,0,2700
935,2,0,0,0,0,0,2705
936,1,0,0,0,0,0,2706
937,2,0,0,0,0,0,2707
938,1,0,0,0,0,0,2708
939,1,0,0,0,0,0,2709
940,1.333333333,0.333333333,0,0,0,0,2710
941,1,0,0,0,0,0,2711
942,1,0,0,0,0,0,2712
943,1,0,0,0,0,0,2713
944,2.666666667,1.333333333,0.666666667,1.333333333,0,0,2624
945,2,0,0,0,0,0,2714
946,2,0,0,0,0,0,2715
947,2.666666667,1.333333333,0.666666667,1.333333333,0,0,2065
948,1,0,0,0,0,0,2717
949,1,0,0,0,0,0,2718
950,1,0,0,0,0,0,2719
951,1,0,0,0,0,0,2720
952,1,0,0,0,0,0,2721
953,1,0,0,0,0,0,2722
954,2,0,0,0,0,0,2723
955,1,0,0,0,0,0,2724
956,1,0,0,0,0,0,2725
957,1,0,0,0,0,0,2726
958,1,0,0,0,0,0,2727
959,1,0,0,0,0,0,2728
960,1,0,0,0,0,0,2729
961,1,0,0,0,0,0,2730
962,1,0,0,0,0,0,2731
963,1,0,0,0,0,0,2732
964,2,0,0,0,0,0,2733
965,1,0,0,0,0,0,2734
966,1,0,0,0,0,0,2735
967,1,0,0,0,0,0,2736
968,1,0,0,0,0,0,2737
969,1,0,0,0,0,0,2738
970,1,0,0,0,0,0,2739
971,0,,0,,0,,2740
972,0,,0,,0,,2741
973,0,,0,,0,,2742
974,0,,0,,0,,2743
975,0,,0,,0,,2744
976,0,,0,,0,,2745
977,0,,0,,0,,2746
978,0,,0,,0,,2747
979,0,,0,,0,,2748
980,0,,0,,0,,2749
981,0,,0,,0,,2750
982,0,,0,,0,,2751
983,0,,0,,0,,2752
984,0,,0,,0,,2753
985,0,,0,,0,,2754
986,0,,0,,0,,2755
987,0,,0,,0,,2756
988,0,,0,,0,,2757
989,0,,0,,0,,2758
990,0,,0,,0,,2759
991,0,,0,,0,,2760
992,0,,0,,0,,2761
993,0,,0,,0,,2762
994,0,,0,,0,,2763
995,0,,0,,0,,2764
996,0,,0,,0,,2765
997,0,,0,,0,,2766
998,0,,0,,0,,2767
999,0,,0,,0,,2768
1000,0,,0,,0,,2769
1001,0,,0,,0,,2770
1002,0,,0,,0,,2771
1003,0,,0,,0,,2772
1004,0,,0,,0,,2773
1005,0,,0,,0,,2774
1006,0,,0,,0,,2775
1007,0,,0,,0,,2776
1008,0,,0,,0,,2777
1009,0,,0,,0,,2778
1010,0,,0,,0,,2779
1011,0,,0,,0,,2780
1012,0,,0,,0,,2781
1013,0,,0,,0,,2782
1014,0,,0,,0,,2783
1015,0,,0,,0,,2784
1016,0,,0,,0,,2785
1017,0,,0,,0,,2786
1018,0,,0,,0,,2787
1019,0,,0,,0,,2788
1020,0,,0,,0,,2789
1021,0,,0,,0,,2790
1022,0,,0,,0,,2791
1023,0,,0,,0,,2792
1024,0,,0,,0,,2793
1025,0,,0,,0,,2794
1026,0,,0,,0,,2795
1027,0,,0,,0,,2796
1028,0,,0,,0,,2797
1029,0,,0,,0,,2798
1030,0,,0,,0,,2799
1031,0,,0,,0,,2800
1032,0,,0,,0,,2801
1033,0,,0,,0,,2802
1034,0,,0,,0,,2803
1035,0,,0,,0,,2804
1036,0,,0,,0,,2805
1037,0,,0,,0,,2806
1038,0,,0,,0,,2807
1039,0,,0,,0,,2808
1040,0,,0,,0,,2809
1041,0,,0,,0,,2810
1042,0,,0,,0,,2811
1043,0,,0,,0,,2812
1044,0,,0,,0,,2813
1045,0,,0,,0,,2814
1046,0,,0,,0,,2815
1047,0,,0,,0,,2816
1048,0,,0,,0,,2817
1049,0,,0,,0,,2818
1050,0,,0,,0,,2819
1051,0,,0,,0,,2820
1052,0,,0,,0,,2821
1053,0,,0,,0,,2822
1054,0,,0,,0,,2823
1055,0,,0,,0,,2824
1056,0,,0,,0,,2825
1057,0,,0,,0,,2826
1058,0,,0,,0,,2827
1059,0,,0,,0,,2828
1060,0,,0,,0,,2829
1061,0,,0,,0,,2830
1062,0,,0,,0,,2831
1063,0,,0,,0,,2832
1064,0,,0,,0,,2833
1065,0,,0,,0,,2834
1066,0,,0,,0,,2835
1067,0,,0,,0,,2836
1068,0,,0,,0,,2837
1069,0,,0,,0,,2838
1070,0,,0,,0,,2839
1071,0,,0,,0,,2840
1072,0,,0,,0,,2841
1073,0,,0,,0,,2842
1074,0,,0,,0,,2843
1075,0,,0,,0,,2844
1076,0,,0,,0,,2845
1077,0,,0,,0,,2846
1078,0,,0,,0,,2847
1079,0,,0,,0,,2848
1080,0,,0,,0,,2849
1081,0,,0,,0,,2850
1082,0,,0,,0,,2851
1083,0,,0,,0,,2852
1084,0,,0,,0,,2853
1085,0,,0,,0,,2854
1086,0,,0,,0,,2855
1087,0,,0,,0,,2856
1088,0,,0,,0,,2857
1089,0,,0,,0,,2858
1090,0,,0,,0,,2859
1091,0,,0,,0,,2860
1092,0,,0,,0,,2861
1093,0,,0,,0,,2862
1094,0,,0,,0,,2863
1095,0,,0,,0,,2864
1096,0,,0,,0,,2865
1097,0,,0,,0,,2866
1098,0,,0,,0,,2867
1099,0,,0,,0,,2868
1100,0,,0,,0,,2869
1101,0,,0,,0,,2870
1102,0,,0,,0,,2871
1103,0,,0,,0,,2872
1104,0,,0,,0,,2873
1105,0,,0,,0,,2874
1106,0,,0,,0,,2875
1107,0,,0,,0,,2876
1108,0,,0,,0,,2877
1109,0,,0,,0,,2878
1110,0,,0,,0,,2879
1111,0,,0,,0,,2880
1112,0,,0,,0,,2881
1113,0,,0,,0,,2882
1114,0,,0,,0,,2883
1115,0,,0,,0,,2884
1116,0,,0,,0,,2885
1117,0,,0,,0,,2886
1118,0,,0,,0,,2887
1119,0,,0,,0,,2888
1120,0,,0,,0,,2889
1121,0,,0,,0,,2890
1122,0,,0,,0,,2891
1123,0,,0,,0,,2892
1124,0,,0,,0,,2893
1125,0,,0,,0,,2894
1126,0,,0,,0,,2895
1127,0,,0,,0,,2896
1128,0,,0,,0,,2897
1129,0,,0,,0,,2898
1130,0,,0,,0,,2899
1131,0,,0,,0,,2900
1132,0,,0,,0,,2901
1133,0,,0,,0,,2902
1134,0,,0,,0,,2903
1135,0,,0,,0,,2904
1136,0,,0,,0,,2905
1137,0,,0,,0,,2906
1138,0,,0,,0,,2907
1139,0,,0,,0,,2908
1140,0,,0,,0,,2909
1141,0,,0,,0,,2910
1142,0,,0,,0,,2911
1143,0,,0,,0,,2912
1144,0,,0,,0,,2913
1145,0,,0,,0,,2914
1146,0,,0,,0,,2915
1147,0,,0,,0,,2916
1148,0,,0,,0,,2917
1149,0,,0,,0,,2918
1150,0,,0,,0,,2919
1151,0,,0,,0,,2920
1152,0,,0,,0,,2921
1153,0,,0,,0,,2922
1154,0,,0,,0,,2923
1155,0,,0,,0,,2924
1156,0,,0,,0,,2925
1157,0,,0,,0,,2926
1158,0,,0,,0,,2927
1159,0,,0,,0,,2928
1160,0,,0,,0,,2929
1161,0,,0,,0,,2930
1162,0,,0,,0,,2931
1163,0,,0,,0,,2932
1164,0,,0,,0,,2933
1165,0,,0,,0,,2934
1166,0,,0,,0,,2935
1167,0,,0,,0,,2936
1168,0,,0,,0,,2937
1169,0,,0,,0,,2938
1170,0,,0,,0,,2939
1171,0,,0,,0,,2940
1172,0,,0,,0,,2941
1173,0,,0,,0,,2942
1174,0,,0,,0,,2943
1175,0,,0,,0,,2944
1176,0,,0,,0,,2945
1177,0,,0,,0,,2946
1178,0,,0,,0,,2947
1179,0,,0,,0,,2948
1180,0,,0,,0,,2949
1181,0,,0,,0,,2950
1182,0,,0,,0,,2951
1183,0,,0,,0,,2952
1184,0,,0,,0,,2953
1185,0,,0,,0,,2954
1186,0,,0,,0,,2955
1187,0,,0,,0,,2956
1188,0,,0,,0,,2957
1189,0,,0,,0,,2958
1190,0,,0,,0,,2959
1191,0,,0,,0,,2960
1192,0,,0,,0,,2961
1193,0,,0,,0,,2962
1194,0,,0,,0,,2963
1195,0,,0,,0,,2964
1196,0,,0,,0,,2965
1197,0,,0,,0,,2966
1198,0,,0,,0,,2967
1199,0,,0,,0,,2968
1200,0,,0,,0,,2969
1201,0,,0,,0,,2970
1202,0,,0,,0,,2971
1203,0,,0,,0,,2972
1204,0,,0,,0,,2973
1205,0,,0,,0,,2974
1206,0,,0,,0,,2975
1207,0,,0,,0,,2976
1208,0,,0,,0,,2977
1209,0,,0,,0,,2978
1210,0,,0,,0,,2979
1211,0,,0,,0,,2980
1212,0,,0,,0,,2981
1213,0,,0,,0,,2982
1214,0,,0,,0,,2983
1215,0,,0,,0,,2984
1216,0,,0,,0,,2985
1217,0,,0,,0,,2986
1218,0,,0,,0,,2987
1219,0,,0,,0,,2988
1220,0,,0,,0,,2989
1221,0,,0,,0,,2990
1222,0,,0,,0,,2991
1223,0,,0,,0,,2992
1224,0,,0,,0,,2993
1225,0,,0,,0,,2994
1226,0,,0,,0,,2995
1227,0,,0,,0,,2996
1228,0,,0,,0,,2997
1229,0,,0,,0,,2998
1230,0,,0,,0,,2999
1231,0,,0,,0,,3000
1232,0,,0,,0,,3001
1233,0,,0,,0,,3002
1234,0,,0,,0,,3003
1235,0,,0,,0,,3004
1236,0,,0,,0,,3005
1237,0,,0,,0,,3006
1238,0,,0,,0,,3007
1239,0,,0,,0,,3008
1240,0,,0,,0,,3009
1241,0,,0,,0,,3010
1242,0,,0,,0,,3011
1243,0,,0,,0,,3012
1244,0,,0,,0,,3013
1245,0,,0,,0,,3014
1246,0,,0,,0,,3015
1247,0,,0,,0,,3016
1248,0,,0,,0,,3017
1249,0,,0,,0,,3018
1250,0,,0,,0,,3019
1251,0,,0,,0,,3020
1252,0,,0,,0,,3021
1253,0,,0,,0,,3022
1254,0,,0,,0,,3023
1255,0,,0,,0,,3024
1256,0,,0,,0,,3025
1257,0,,0,,0,,3026
1258,0,,0,,0,,3027
1259,0,,0,,0,,3028
1260,0,,0,,0,,3029
1261,0,,0,,0,,3030
1262,0,,0,,0,,3031
1263,0,,0,,0,,3032
1264,0,,0,,0,,3033
1265,0,,0,,0,,3034
1266,0,,0,,0,,3035
1267,0,,0,,0,,3036
1268,0,,0,,0,,3037
1269,0,,0,,0,,3038
1270,0,,0,,0,,3039
1271,0,,0,,0,,3040
1272,0,,0,,0,,3041
1273,0,,0,,0,,3042
1274,0,,0,,0,,3043
1275,0,,0,,0,,3044
1276,0,,0,,0,,3045
1277,0,,0,,0,,3046
1278,0,,0,,0,,3047
1279,0,,0,,0,,3048
1280,0,,0,,0,,3049
1281,0,,0,,0,,3050
1282,0,,0,,0,,3051
1283,0,,0,,0,,3052
1284,0,,0,,0,,3053
1285,0,,0,,0,,3054
1286,0,,0,,0,,3055
1287,0,,0,,0,,3056
1288,0,,0,,0,,3057
1289,0,,0,,0,,3058
1290,0,,0,,0,,3059
1291,0,,0,,0,,3060
1292,0,,0,,0,,3061
1293,0,,0,,0,,3062
1294,0,,0,,0,,3063
1295,0,,0,,0,,3064
1296,0,,0,,0,,3065
1297,0,,0,,0,,3066
1298,0,,0,,0,,3067
1299,0,,0,,0,,3068
1300,0,,0,,0,,3069
1301,0,,0,,0,,3070
1302,0,,0,,0,,3071
1303,0,,0,,0,,3072
1304,0,,0,,0,,3073
1305,0,,0,,0,,3074
1306,0,,0,,0,,3075
1307,0,,0,,0,,3076
1308,0,,0,,0,,3077
1309,0,,0,,0,,3078
1310,0,,0,,0,,3079
1311,0,,0,,0,,3080
1312,0,,0,,0,,3081
1313,0,,0,,0,,3082
1314,0,,0,,0,,3083
1315,0,,0,,0,,3084
1316,0,,0,,0,,3085
1317,0,,0,,0,,3086
1318,0,,0,,0,,3087
1319,0,,0,,0,,3088
1320,0,,0,,0,,3089
1321,0,,0,,0,,3090
1322,0,,0,,0,,3091
1323,0,,0,,0,,3092
1324,0,,0,,0,,3093
1325,0,,0,,0,,3094
1326,0,,0,,0,,3095
1327,0,,0,,0,,3096
1328,0,,0,,0,,3097
1329,0,,0,,0,,3098
1330,0,,0,,0,,3099
1331,0,,0,,0,,3100
1332,0,,0,,0,,3101
1333,0,,0,,0,,3102
1334,0,,0,,0,,3103
1335,0,,0,,0,,3104
1336,0,,0,,0,,3105
1337,0,,0,,0,,3106
1338,0,,0,,0,,3107
1339,0,,0,,0,,3108
1340,0,,0,,0,,3109
1341,0,,0,,0,,3110
1342,0,,0,,0,,3111
1343,0,,0,,0,,3112
1344,0,,0,,0,,3113
1345,0,,0,,0,,3114
1346,0,,0,,0,,3115
1347,0,,0,,0,,3116
1348,0,,0,,0,,3117
1349,0,,0,,0,,3118
1350,0,,0,,0,,3119
1351,0,,0,,0,,3120
1352,0,,0,,0,,3121
1353,0,,0,,0,,3122
1354,0,,0,,0,,3123
1355,0,,0,,0,,3124
1356,0,,0,,0,,3125
1357,0,,0,,0,,3126
1358,0,,0,,0,,3127
1359,0,,0,,0,,3128
1360,0,,0,,0,,3129
1361,0,,0,,0,,3130
1362,0,,0,,0,,3131
1363,0,,0,,0,,3132
1364,0,,0,,0,,3133
1365,0,,0,,0,,3134
1366,0,,0,,0,,3135
1367,0,,0,,0,,3136
1368,0,,0,,0,,3137
1369,0,,0,,0,,3138
1370,0,,0,,0,,3139
1371,0,,0,,0,,3140
1372,0,,0,,0,,3141
1373,0,,0,,0,,3142
1374,0,,0,,0,,3143
1375,0,,0,,0,,3144
1376,0,,0,,0,,3145
1377,0,,0,,0,,3146
1378,0,,0,,0,,3147
1379,0,,0,,0,,3148
1380,0,,0,,0,,3149
1381,0,,0,,0,,3150
1382,0,,0,,0,,3151
1383,0,,0,,0,,3152
1384,0,,0,,0,,3153
1385,0,,0,,0,,3154
1386,0,,0,,0,,3155
1387,0,,0,,0,,3156
1388,0,,0,,0,,3157
1389,0,,0,,0,,3158
1390,0,,0,,0,,3159
1391,0,,0,,0,,3160
1392,0,,0,,0,,3161
1393,0,,0,,0,,3162
1394,0,,0,,0,,3163
1395,0,,0,,0,,3164
1396,0,,0,,0,,3165
1397,0,,0,,0,,3166
1398,0,,0,,0,,3167
1399,0,,0,,0,,3168
1400,0,,0,,0,,3169
1401,0,,0,,0,,3170
1402,0,,0,,0,,3171
1403,0,,0,,0,,3172
1404,0,,0,,0,,3173
1405,0,,0,,0,,3174
1406,0,,0,,0,,3175
1407,0,,0,,0,,3176
1408,0,,0,,0,,3177
1409,0,,0,,0,,3178
1410,0,,0,,0,,3179
1411,0,,0,,0,,3180
1412,0,,0,,0,,3181
1413,0,,0,,0,,3182
1414,0,,0,,0,,3183
1415,0,,0,,0,,3184
1416,0,,0,,0,,3185
1417,0,,0,,0,,3186
1418,0,,0,,0,,3187
1419,0,,0,,0,,3188
1420,0,,0,,0,,3189
1421,0,,0,,0,,3190
1422,0,,0,,0,,3191
1423,0,,0,,0,,3192
1424,0,,0,,0,,3193
1425,0,,0,,0,,3194
1426,0,,0,,0,,3195
1427,0,,0,,0,,3196
1428,0,,0,,0,,3197
1429,0,,0,,0,,3198
1430,0,,0,,0,,3199
1431,0,,0,,0,,3200
1432,0,,0,,0,,3201
1433,0,,0,,0,,3202
1434,0,,0,,0,,3203
1435,0,,0,,0,,3204
1436,0,,0,,0,,3205
1437,0,,0,,0,,3206
1438,0,,0,,0,,3207
1439,0,,0,,0,,3208
1440,0,,0,,0,,3209
1441,0,,0,,0,,3210
1442,0,,0,,0,,3211
1443,0,,0,,0,,3212
1444,0,,0,,0,,3213
1445,0,,0,,0,,3214
1446,0,,0,,0,,3215
1447,0,,0,,0,,3216
1448,0,,0,,0,,3217
1449,0,,0,,0,,3218
1450,0,,0,,0,,3219
1451,0,,0,,0,,3220
1452,0,,0,,0,,3221
1453,0,,0,,0,,3222
1454,0,,0,,0,,3223
1455,0,,0,,0,,3224
1456,0,,0,,0,,3225
1457,0,,0,,0,,3226
1458,0,,0,,0,,3227
1459,0,,0,,0,,3228
1460,0,,0,,0,,3229
1461,0,,0,,0,,3230
1462,0,,0,,0,,3231
1463,0,,0,,0,,3232
1464,0,,0,,0,,3233
1465,0,,0,,0,,3234
1466,0,,0,,0,,3235
1467,0,,0,,0,,3236
1468,0,,0,,0,,3237
1469,0,,0,,0,,3238
1470,0,,0,,0,,3239
1471,0,,0,,0,,3240
1472,0,,0,,0,,3241
1473,0,,0,,0,,3242
1474,0,,0,,0,,3243
1475,0,,0,,0,,3244
1476,0,,0,,0,,3245
1477,0,,0,,0,,3246
1478,0,,0,,0,,3247
1479,0,,0,,0,,3248
1480,0,,0,,0,,3249
1481,0,,0,,0,,3250
1482,0,,0,,0,,3251
1483,0,,0,,0,,3252
1484,0,,0,,0,,3253
1485,0,,0,,0,,3254
1486,0,,0,,0,,3255
1487,0,,0,,0,,3256
1488,0,,0,,0,,3257
1489,0,,0,,0,,3258
1490,0,,0,,0,,3259
1491,0,,0,,0,,3260
1492,0,,0,,0,,3261
1493,0,,0,,0,,3262
1494,0,,0,,0,,3263
1495,0,,0,,0,,3264
1496,0,,0,,0,,3265
1497,0,,0,,0,,3266
1498,0,,0,,0,,3267
1499,0,,0,,0,,3268
1500,0,,0,,0,,3269
1501,0,,0,,0,,3270
1502,0,,0,,0,,3271
1503,0,,0,,0,,3272
1504,0,,0,,0,,3273
1505,0,,0,,0,,3274
1506,0,,0,,0,,3275
1507,0,,0,,0,,3276
1508,0,,0,,0,,3277
1509,0,,0,,0,,3278
1510,0,,0,,0,,3279
1511,0,,0,,0,,3280
1512,0,,0,,0,,3281
1513,0,,0,,0,,3282
1514,0,,0,,0,,3283
1515,0,,0,,0,,3284
1516,0,,0,,0,,3285
1517,0,,0,,0,,3286
1518,0,,0,,0,,3287
1519,0,,0,,0,,3288
1520,0,,0,,0,,3289
1521,0,,0,,0,,3290
1522,0,,0,,0,,3291
1523,0,,0,,0,,3292
1524,0,,0,,0,,3293
1525,0,,0,,0,,3294
1526,0,,0,,0,,3295
1527,0,,0,,0,,3296
1528,0,,0,,0,,3297
1529,0,,0,,0,,3298
1530,0,,0,,0,,3299
1531,0,,0,,0,,3300
1532,0,,0,,0,,3301
1533,0,,0,,0,,3302
1534,0,,0,,0,,3303
1535,0,,0,,0,,3304
1536,0,,0,,0,,3305
1537,0,,0,,0,,3306
1538,0,,0,,0,,3307
1539,0,,0,,0,,3308
1540,0,,0,,0,,3309
1541,0,,0,,0,,3310
1542,0,,0,,0,,3311
1543,0,,0,,0,,3312
1544,0,,0,,0,,3313
1545,0,,0,,0,,3314
1546,0,,0,,0,,3315
1547,0,,0,,0,,3316
1548,0,,0,,0,,3317
1549,0,,0,,0,,3318
1550,0,,0,,0,,3319
1551,0,,0,,0,,3320
1552,0,,0,,0,,3321
1553,0,,0,,0,,3322
1554,0,,0,,0,,3323
1555,0,,0,,0,,3324
1556,0,,0,,0,,3325
1557,0,,0,,0,,3326
1558,0,,0,,0,,3327
1559,0,,0,,0,,3328
1560,0,,0,,0,,3329
1561,0,,0,,0,,3330
1562,0,,0,,0,,3331
1563,0,,0,,0,,3332
1564,0,,0,,0,,3333
1565,0,,0,,0,,3334
1566,0,,0,,0,,3335
1567,0,,0,,0,,3336
1568,0,,0,,0,,3337
1569,0,,0,,0,,3338
1570,0,,0,,0,,3339
1571,0,,0,,0,,3340
1572,0,,0,,0,,3341
1573,0,,0,,0,,3342
1574,0,,0,,0,,3343
1575,0,,0,,0,,3344
1576,0,,0,,0,,3345
1577,0,,0,,0,,3346
1578,0,,0,,0,,3347
1579,0,,0,,0,,3348
1580,0,,0,,0,,3349
1581,0,,0,,0,,3350
1582,0,,0,,0,,3351
1583,0,,0,,0,,3352
1584,0,,0,,0,,3353
1585,0,,0,,0,,3354
1586,0,,0,,0,,3355
1587,0,,0,,0,,3356
1588,0,,0,,0,,3357
1589,0,,0,,0,,3358
1590,0,,0,,0,,3359
1591,0,,0,,0,,3360
1592,0,,0,,0,,3361
1593,0,,0,,0,,3362
1594,0,,0,,0,,3363
1595,0,,0,,0,,3364
1596,0,,0,,0,,3365
1597,0,,0,,0,,3366
1598,0,,0,,0,,3367
1599,0,,0,,0,,3368
1600,0,,0,,0,,3369
1601,0,,0,,0,,3370
1602,0,,0,,0,,3371
1603,0,,0,,0,,3372
1604,0,,0,,0,,3373
1605,0,,0,,0,,3374
1606,0,,0,,0,,3375
1607,0,,0,,0,,3376
1608,0,,0,,0,,3377
1609,0,,0,,0,,3378
1610,0,,0,,0,,3379
1611,0,,0,,0,,3380
1612,0,,0,,0,,3381
1613,0,,0,,0,,3382
1614,0,,0,,0,,3383
1615,0,,0,,0,,3384
1616,0,,0,,0,,3385
1617,0,,0,,0,,3386
1618,0,,0,,0,,3387
1619,0,,0,,0,,3388
1620,0,,0,,0,,3389
1621,0,,0,,0,,3390
1622,0,,0,,0,,3391
1623,0,,0,,0,,3392
1624,0,,0,,0,,3393
1625,0,,0,,0,,3394
1626,0,,0,,0,,3395
1627,0,,0,,0,,3396
1628,0,,0,,0,,3397
1629,0,,0,,0,,3398
1630,0,,0,,0,,3399
1631,0,,0,,0,,3400
1632,0,,0,,0,,3401
1633,0,,0,,0,,3402
1634,0,,0,,0,,3403
1635,0,,0,,0,,3404
1636,0,,0,,0,,3405
1637,0,,0,,0,,3406
1638,0,,0,,0,,3407
1639,0,,0,,0,,3408
1640,0,,0,,0,,3409
1641,0,,0,,0,,3410
1642,0,,0,,0,,3411
1643,0,,0,,0,,3412
1644,0,,0,,0,,3413
1645,0,,0,,0,,3414
1646,0,,0,,0,,3415
1647,0,,0,,0,,3416
1648,0,,0,,0,,3417
1649,0,,0,,0,,3418
1650,0,,0,,0,,3419
1651,0,,0,,0,,3420
1652,0,,0,,0,,3421
1653,0,,0,,0,,3422
1654,0,,0,,0,,3423
1655,0,,0,,0,,3424
1656,0,,0,,0,,3425
1657,0,,0,,0,,3426
1658,0,,0,,0,,3427
1659,0,,0,,0,,3428
1660,0,,0,,0,,3429
1661,0,,0,,0,,3430
1662,0,,0,,0,,3431
1663,0,,0,,0,,3432
1664,0,,0,,0,,3433
1665,0,,0,,0,,3434
1666,0,,0,,0,,3435
1667,0,,0,,0,,3436
1668,0,,0,,0,,3437
1669,0,,0,,0,,3438
1670,0,,0,,0,,3439
1671,0,,0,,0,,3440
1672,0,,0,,0,,3441
1673,0,,0,,0,,3442
1674,0,,0,,0,,3443
1675,0,,0,,0,,3444
1676,0,,0,,0,,3445
1677,0,,0,,0,,3446
1678,0,,0,,0,,3447
1679,0,,0,,0,,3448
1680,0,,0,,0,,3449
1681,0,,0,,0,,3450
1682,0,,0,,0,,3451
1683,0,,0,,0,,3452
1684,0,,0,,0,,3453
1685,0,,0,,0,,3454
1686,0,,0,,0,,3455
1687,0,,0,,0,,3456
1688,0,,0,,0,,3457
1689,0,,0,,0,,3458
1690,0,,0,,0,,3459
1691,0,,0,,0,,3460
1692,0,,0,,0,,3461
1693,0,,0,,0,,3462
1694,0,,0,,0,,3463
1695,0,,0,,0,,3464
1696,0,,0,,0,,3465
1697,0,,0,,0,,3466
1698,0,,0,,0,,3467
1699,0,,0,,0,,3468
1700,0,,0,,0,,3469
1701,0,,0,,0,,3470
1702,0,,0,,0,,3471
1703,0,,0,,0,,3472
1704,0,,0,,0,,3473
1705,0,,0,,0,,3474
1706,0,,0,,0,,3475
1707,0,,0,,0,,3476
1708,0,,0,,0,,3477
1709,0,,0,,0,,3478
1710,0,,0,,0,,3479
1711,0,,0,,0,,3480
1712,0,,0,,0,,3481
1713,0,,0,,0,,3482
1714,0,,0,,0,,3483
1715,0,,0,,0,,3484
1716,0,,0,,0,,3485
1717,0,,0,,0,,3486
1718,0,,0,,0,,3487
1719,0,,0,,0,,3488
1720,0,,0,,0,,3489
1721,0,,0,,0,,3490
1722,0,,0,,0,,3491
1723,0,,0,,0,,3492
1724,0,,0,,0,,3493
1725,0,,0,,0,,3494
1726,0,,0,,0,,3495
1727,0,,0,,0,,3496
1728,0,,0,,0,,3497
1729,0,,0,,0,,3498
1730,0,,0,,0,,3499
1731,0,,0,,0,,3500
1732,0,,0,,0,,3501
1733,0,,0,,0,,3502
1734,0,,0,,0,,3503
1735,0,,0,,0,,3504
1736,0,,0,,0,,3505
1737,0,,0,,0,,3506
1738,0,,0,,0,,3507
1739,0,,0,,0,,3508
1740,0,,0,,0,,3509
1741,0,,0,,0,,3510
1742,0,,0,,0,,3511
1743,0,,0,,0,,3512
1744,0,,0,,0,,3513
1745,0,,0,,0,,3514
1746,0,,0,,0,,3515
1747,0,,0,,0,,3516
1748,0,,0,,0,,3517
1749,0,,0,,0,,3518
1750,0,,0,,0,,3519
1751,0,,0,,0,,3520
1752,0,,0,,0,,3521
1753,0,,0,,0,,3522
1754,0,,0,,0,,3523
1755,0,,0,,0,,3524
1756,0,,0,,0,,3525
1757,0,,0,,0,,3526
1758,0,,0,,0,,3527
1759,0,,0,,0,,3528
1760,0,,0,,0,,3529
1761,0,,0,,0,,3530
1762,0,,0,,0,,3531
1763,0,,0,,0,,3532
1764,0,,0,,0,,3533
1765,0,,0,,0,,3534
1766,0,,0,,0,,3535
1767,0,,0,,0,,3536
1768,0,,0,,0,,3537
1769,0,,0,,0,,3538
1770,0,,0,,0,,3539
1771,0,,0,,0,,3540
1772,0,,0,,0,,3541
1773,0,,0,,0,,3542
1774,0,,0,,0,,3543
1775,0,,0,,0,,3544
1776,0,,0,,0,,3545
1777,0,,0,,0,,3546
1778,0,,0,,0,,3547
1779,0,,0,,0,,3548
1780,0,,0,,0,,3549
1781,0,,0,,0,,3550
1782,0,,0,,0,,3551
1783,0,,0,,0,,3552
1784,0,,0,,0,,3553
1785,0,,0,,0,,3554
1786,0,,0,,0,,3555
1787,0,,0,,0,,3556
1788,0,,0,,0,,3557
1789,0,,0,,0,,3558
1790,0,,0,,0,,3559
1791,0,,0,,0,,3560
1792,0,,0,,0,,3561
1793,0,,0,,0,,3562
1794,0,,0,,0,,3563
1795,0,,0,,0,,3564
1796,0,,0,,0,,3565
1797,0,,0,,0,,3566
1798,0,,0,,0,,3567
1799,0,,0,,0,,3568
1800,0,,0,,0,,3569
1801,0,,0,,0,,3570
1802,0,,0,,0,,3571
1803,0,,0,,0,,3572
1804,0,,0,,0,,3573
1805,0,,0,,0,,3574
1806,0,,0,,0,,3575
1807,0,,0,,0,,3576
1808,0,,0,,0,,3577
1809,0,,0,,0,,3578
1810,0,,0,,0,,3579
1811,0,,0,,0,,3580
1812,0,,0,,0,,3581
1813,0,,0,,0,,3582
1814,0,,0,,0,,3583
1815,0,,0,,0,,3584
1816,0,,0,,0,,3585
1817,0,,0,,0,,3586
1818,0,,0,,0,,3587
1819,0,,0,,0,,3588
1820,0,,0,,0,,3589
1821,0,,0,,0,,3590
1822,0,,0,,0,,3591
1823,0,,0,,0,,3592
1824,0,,0,,0,,3593
1825,0,,0,,0,,3594
1826,0,,0,,0,,3595
1827,0,,0,,0,,3596
1828,0,,0,,0,,3597
1829,0,,0,,0,,3598
1830,0,,0,,0,,3599
1831,0,,0,,0,,3600
1832,0,,0,,0,,3601
1833,0,,0,,0,,3602
1834,0,,0,,0,,3603
1835,0,,0,,0,,3604
1836,0,,0,,0,,3605
1837,0,,0,,0,,3606
1838,0,,0,,0,,3607
1839,0,,0,,0,,3608
1840,0,,0,,0,,3609
1841,0,,0,,0,,3610
1842,0,,0,,0,,3611
1843,0,,0,,0,,3612
1844,0,,0,,0,,3613
1845,0,,0,,0,,3614
1846,0,,0,,0,,3615
1847,0,,0,,0,,3616
1848,0,,0,,0,,3617
1849,0,,0,,0,,3618
1850,0,,0,,0,,3619
1851,0,,0,,0,,3620
1852,0,,0,,0,,3621
1853,0,,0,,0,,3622
1854,0,,0,,0,,3623
1855,0,,0,,0,,3624
1856,0,,0,,0,,3625
1857,0,,0,,0,,3626
1858,0,,0,,0,,3627
1859,0,,0,,0,,3628
1860,0,,0,,0,,3629
1861,0,,0,,0,,3630
1862,0,,0,,0,,3631
1863,0,,0,,0,,3632
1864,0,,0,,0,,3633
1865,0,,0,,0,,3634
1866,0,,0,,0,,3635
1867,0,,0,,0,,3636
1868,0,,0,,0,,3637
1869,0,,0,,0,,3638
1870,0,,0,,0,,3639
1871,0,,0,,0,,3640
1872,0,,0,,0,,3641
1873,0,,0,,0,,3642
1874,0,,0,,0,,3643
1875,0,,0,,0,,3644
1876,0,,0,,0,,3645
1877,0,,0,,0,,3646
1878,0,,0,,0,,3647
1879,0,,0,,0,,3648
1880,0,,0,,0,,3649
1881,0,,0,,0,,3650
1882,0,,0,,0,,3651
1883,0,,0,,0,,3652
1884,0,,0,,0,,3653
1885,0,,0,,0,,3654
1886,0,,0,,0,,3655
1887,0,,0,,0,,3656
1888,0,,0,,0,,3657
1889,0,,0,,0,,3658
1890,0,,0,,0,,3659
1891,0,,0,,0,,3660
1892,0,,0,,0,,3661
1893,0,,0,,0,,3662
1894,0,,0,,0,,3663
1895,0,,0,,0,,3664
1896,0,,0,,0,,3665
1897,0,,0,,0,,3666
1898,0,,0,,0,,3667
1899,0,,0,,0,,3668
1900,0,,0,,0,,3669
1901,0,,0,,0,,3670
1902,0,,0,,0,,3671
1903,0,,0,,0,,3672
1904,0,,0,,0,,3673
1905,0,,0,,0,,3674
1906,0,,0,,0,,3675
1907,0,,0,,0,,3676
1908,0,,0,,0,,3677
1909,0,,0,,0,,3678
1910,0,,0,,0,,3679
1911,0,,0,,0,,3680
1912,0,,0,,0,,3681
1913,0,,0,,0,,3682
1914,0,,0,,0,,3683
1915,0,,0,,0,,3684
1916,0,,0,,0,,3685
1917,0,,0,,0,,3686
1918,0,,0,,0,,3687
1919,0,,0,,0,,3688
1920,0,,0,,0,,3689
1921,0,,0,,0,,3690
1922,0,,0,,0,,3691
1923,0,,0,,0,,3692
1924,0,,0,,0,,3693
1925,0,,0,,0,,3694
1926,0,,0,,0,,3695
1927,0,,0,,0,,3696
1928,0,,0,,0,,3697
1929,0,,0,,0,,3698
1930,0,,0,,0,,3699
1931,0,,0,,0,,3700
1932,0,,0,,0,,3701
1933,0,,0,,0,,3702
1934,0,,0,,0,,3703
1935,0,,0,,0,,3704
1936,0,,0,,0,,3705
1937,0,,0,,0,,3706
1938,0,,0,,0,,3707
1939,0,,0,,0,,3708
1940,0,,0,,0,,3709
1941,0,,0,,0,,3710
1942,0,,0,,0,,3711
1943,0,,0,,0,,3712
1944,0,,0,,0,,3713
1945,0,,0,,0,,3714
1946,0,,0,,0,,3715
1947,0,,0,,0,,3716
1948,0,,0,,0,,3717
1949,0,,0,,0,,3718
1950,0,,0,,0,,3719
1951,0,,0,,0,,3720
1952,0,,0,,0,,3721
1953,0,,0,,0,,3722
1954,0,,0,,0,,3723
1955,0,,0,,0,,3724
1956,0,,0,,0,,3725
1957,0,,0,,0,,3726
1958,0,,0,,0,,3727
1959,0,,0,,0,,3728
1960,0,,0,,0,,3729
1961,0,,0,,0,,3730
1962,0,,0,,0,,3731
1963,0,,0,,0,,3732
1964,0,,0,,0,,3733
1965,0,,0,,0,,3734
1966,0,,0,,0,,3735
1967,0,,0,,0,,3736
1968,0,,0,,0,,3737
1969,0,,0,,0,,3738
1970,0,,0,,0,,3739
1971,0,,0,,0,,3740
1972,0,,0,,0,,3741
1973,0,,0,,0,,3742
1974,0,,0,,0,,3743
1975,0,,0,,0,,3744
1976,0,,0,,0,,3745
1977,0,,0,,0,,3746
1978,0,,0,,0,,3747
1979,0,,0,,0,,3748
1980,0,,0,,0,,3749
1981,0,,0,,0,,3750
1982,0,,0,,0,,3751
1983,0,,0,,0,,3752
1984,0,,0,,0,,3753
1985,0,,0,,0,,3754
1986,0,,0,,0,,3755
1987,0,,0,,0,,3756
1988,0,,0,,0,,3757
1989,0,,0,,0,,3758
1990,0,,0,,0,,3759
1991,0,,0,,0,,3760
1992,0,,0,,0,,3761
1993,0,,0,,0,,3762
1994,0,,0,,0,,3763
1995,0,,0,,0,,3764
1996,0,,0,,0,,3765
1997,0,,0,,0,,3766
1998,0,,0,,0,,3767
1999,0,,0,,0,,3768
2000,0,,0,,0,,3769
2001,0,,0,,0,,3770
2002,0,,0,,0,,3771
2003,0,,0,,0,,3772
2004,0,,0,,0,,3773
2005,0,,0,,0,,3774
2006,0,,0,,0,,3775
2007,0,,0,,0,,3776
2008,0,,0,,0,,3777
2009,0,,0,,0,,3778
2010,0,,0,,0,,3779
2011,0,,0,,0,,3780
2012,0,,0,,0,,3781
2013,0,,0,,0,,3782
2014,0,,0,,0,,3783
2015,0,,0,,0,,3784
2016,0,,0,,0,,3785
2017,0,,0,,0,,3786
2018,0,,0,,0,,3787
2019,0,,0,,0,,3788
2020,0,,0,,0,,3789
2021,0,,0,,0,,3790
2022,0,,0,,0,,3791
2023,0,,0,,0,,3792
2024,0,,0,,0,,3793
2025,0,,0,,0,,3794
2026,0,,0,,0,,3795
2027,0,,0,,0,,3796
2028,0,,0,,0,,3797
2029,0,,0,,0,,3798
2030,0,,0,,0,,3799
2031,0,,0,,0,,3800
2032,0,,0,,0,,3801
2033,0,,0,,0,,3802
2034,0,,0,,0,,3803
2035,0,,0,,0,,3804
2036,0,,0,,0,,3805
2037,0,,0,,0,,3806
2038,0,,0,,0,,3807
2039,0,,0,,0,,3808
2040,0,,0,,0,,3809
2041,0,,0,,0,,3810
2042,0,,0,,0,,3811
2043,0,,0,,0,,3812
2044,0,,0,,0,,3813
2045,0,,0,,0,,3814
2046,0,,0,,0,,3815
2047,0,,0,,0,,3816
2048,0,,0,,0,,3817
2049,0,,0,,0,,3818
2050,0,,0,,0,,3819
2051,0,,0,,0,,3820
2052,0,,0,,0,,3821
2053,0,,0,,0,,3822
2054,0,,0,,0,,3823
2055,0,,0,,0,,3824
2056,0,,0,,0,,3825
2057,0,,0,,0,,3826
2058,0,,0,,0,,3827
2059,0,,0,,0,,3828
2060,0,,0,,0,,3829
2061,0,,0,,0,,3830
2062,0,,0,,0,,3831
2063,0,,0,,0,,3832
2064,0,,0,,0,,3833
2065,0,,0,,0,,3834
2066,0,,0,,0,,3835
2067,0,,0,,0,,3836
2068,0,,0,,0,,3837
2069,0,,0,,0,,3838
2070,0,,0,,0,,3839
2071,0,,0,,0,,3840
2072,0,,0,,0,,3841
2073,0,,0,,0,,3842
2074,0,,0,,0,,3843
2075,0,,0,,0,,3844
2076,0,,0,,0,,3845
2077,0,,0,,0,,3846
2078,0,,0,,0,,3847
2079,0,,0,,0,,3848
2080,0,,0,,0,,3849
2081,0,,0,,0,,3850
2082,0,,0,,0,,3851
2083,0,,0,,0,,3852
2084,0,,0,,0,,3853
2085,0,,0,,0,,3854
2086,0,,0,,0,,3855
2087,0,,0,,0,,3856
2088,0,,0,,0,,3857
2089,0,,0,,0,,3858
2090,0,,0,,0,,3859
2091,0,,0,,0,,3860
2092,0,,0,,0,,3861
2093,0,,0,,0,,3862
2094,0,,0,,0,,3863
2095,0,,0,,0,,3864
2096,0,,0,,0,,3865
2097,0,,0,,0,,3866
2098,0,,0,,0,,3867
2099,0,,0,,0,,3868
2100,0,,0,,0,,3869
2101,0,,0,,0,,3870
2102,0,,0,,0,,3871
2103,0,,0,,0,,3872
2104,0,,0,,0,,3873
2105,0,,0,,0,,3874
2106,0,,0,,0,,3875
2107,0,,0,,0,,3876
2108,0,,0,,0,,3877
2109,0,,0,,0,,3878
2110,0,,0,,0,,3879
2111,0,,0,,0,,3880
2112,0,,0,,0,,3881
2113,0,,0,,0,,3882
2114,0,,0,,0,,3883
2115,0,,0,,0,,3884
2116,0,,0,,0,,3885
2117,0,,0,,0,,3886
2118,0,,0,,0,,3887
2119,0,,0,,0,,3888
2120,0,,0,,0,,3889
2121,0,,0,,0,,3890
2122,0,,0,,0,,3891
2123,0,,0,,0,,3892
2124,0,,0,,0,,3893
2125,0,,0,,0,,3894
2126,0,,0,,0,,3895
2127,0,,0,,0,,3896
2128,0,,0,,0,,3897
2129,0,,0,,0,,3898
2130,0,,0,,0,,3899
2131,0,,0,,0,,3900
2132,0,,0,,0,,3901
2133,0,,0,,0,,3902
2134,0,,0,,0,,3903
2135,0,,0,,0,,3904
2136,0,,0,,0,,3905
2137,0,,0,,0,,3906
2138,0,,0,,0,,3907
2139,0,,0,,0,,3908
2140,0,,0,,0,,3909
2141,0,,0,,0,,3910
2142,0,,0,,0,,3911
2143,0,,0,,0,,3912
2144,0,,0,,0,,3913
2145,0,,0,,0,,3914
2146,0,,0,,0,,3915
2147,0,,0,,0,,3916
2148,0,,0,,0,,3917
2149,0,,0,,0,,3918
2150,0,,0,,0,,3919
2151,0,,0,,0,,3920
2152,0,,0,,0,,3921
2153,0,,0,,0,,3922
2154,0,,0,,0,,3923
2155,0,,0,,0,,3924
2156,0,,0,,0,,3925
2157,0,,0,,0,,3926
2158,0,,0,,0,,3927
2159,0,,0,,0,,3928
2160,0,,0,,0,,3929
2161,0,,0,,0,,3930
2162,0,,0,,0,,3931
2163,0,,0,,0,,3932
2164,0,,0,,0,,3933
2165,0,,0,,0,,3934
2166,0,,0,,0,,3935
2167,0,,0,,0,,3936
2168,0,,0,,0,,3937
2169,0,,0,,0,,3938
2170,0,,0,,0,,3939
2171,0,,0,,0,,3940
2172,0,,0,,0,,3941
2173,0,,0,,0,,3942
2174,0,,0,,0,,3943
2175,0,,0,,0,,3944
2176,0,,0,,0,,3945
2177,0,,0,,0,,3946
2178,0,,0,,0,,3947
2179,0,,0,,0,,3948
2180,0,,0,,0,,3949
2181,0,,0,,0,,3950
2182,0,,0,,0,,3951
2183,0,,0,,0,,3952
2184,0,,0,,0,,3953
2185,0,,0,,0,,3954
2186,0,,0,,0,,3955
2187,0,,0,,0,,3956
2188,0,,0,,0,,3957
2189,0,,0,,0,,3958
2190,0,,0,,0,,3959
2191,0,,0,,0,,3960
2192,0,,0,,0,,3961
2193,0,,0,,0,,3962
2194,0,,0,,0,,3963
2195,0,,0,,0,,3964
2196,0,,0,,0,,3965
2197,0,,0,,0,,3966
2198,0,,0,,0,,3967
2199,0,,0,,0,,3968
2200,0,,0,,0,,3969
2201,0,,0,,0,,3970
2202,0,,0,,0,,3971
2203,0,,0,,0,,3972
2204,0,,0,,0,,3973
2205,0,,0,,0,,3974
2206,0,,0,,0,,3975
2207,0,,0,,0,,3976
2208,0,,0,,0,,3977
2209,0,,0,,0,,3978
2210,0,,0,,0,,3979
2211,0,,0,,0,,3980
2212,0,,0,,0,,3981
2213,0,,0,,0,,3982
2214,0,,0,,0,,3983
2215,0,,0,,0,,3984
2216,0,,0,,0,,3985
2217,0,,0,,0,,3986
2218,0,,0,,0,,3987
2219,0,,0,,0,,3988
2220,0,,0,,0,,3989
2221,0,,0,,0,,3990
2222,0,,0,,0,,3991
2223,0,,0,,0,,3992
2224,0,,0,,0,,3993
2225,0,,0,,0,,3994
2226,0,,0,,0,,3995
2227,0,,0,,0,,3996
2228,0,,0,,0,,3997
2229,0,,0,,0,,3998
2230,0,,0,,0,,3999
2231,0,,0,,0,,4000
2232,0,,0,,0,,4001
2233,0,,0,,0,,4002
2234,0,,0,,0,,4003
2235,0,,0,,0,,4004
2236,0,,0,,0,,4005
2237,0,,0,,0,,4006
2238,0,,0,,0,,4007
2239,0,,0,,0,,4008
2240,0,,0,,0,,4009
2241,0,,0,,0,,4010
2242,0,,0,,0,,4011
2243,0,,0,,0,,4012
2244,0,,0,,0,,4013
2245,0,,0,,0,,4014
2246,0,,0,,0,,4015
2247,0,,0,,0,,4016
2248,0,,0,,0,,4017
2249,0,,0,,0,,4018
2250,0,,0,,0,,4019
2251,0,,0,,0,,4020
2252,0,,0,,0,,4021
2253,0,,0,,0,,4022
2254,0,,0,,0,,4023
2255,0,,0,,0,,4024
2256,0,,0,,0,,4025
2257,0,,0,,0,,4026
2258,0,,0,,0,,4027
2259,0,,0,,0,,4028
2260,0,,0,,0,,4029
2261,0,,0,,0,,4030
2262,0,,0,,0,,4031
2263,0,,0,,0,,4032
2264,0,,0,,0,,4033
2265,0,,0,,0,,4034
2266,0,,0,,0,,4035
2267,0,,0,,0,,4036
2268,0,,0,,0,,4037
2269,0,,0,,0,,4038
2270,0,,0,,0,,4039
2271,0,,0,,0,,4040
2272,0,,0,,0,,4041
2273,0,,0,,0,,4042
2274,0,,0,,0,,4043
2275,0,,0,,0,,4044
2276,0,,0,,0,,4045
2277,0,,0,,0,,4046
2278,0,,0,,0,,4047
2279,0,,0,,0,,4048
2280,0,,0,,0,,4049
2281,0,,0,,0,,4050
2282,0,,0,,0,,4051
2283,0,,0,,0,,4052
2284,0,,0,,0,,4053
2285,0,,0,,0,,4054
2286,0,,0,,0,,4055
2287,0,,0,,0,,4056
2288,0,,0,,0,,4057
2289,0,,0,,0,,4058
2290,0,,0,,0,,4059
2291,0,,0,,0,,4060
2292,0,,0,,0,,4061
2293,0,,0,,0,,4062
2294,0,,0,,0,,4063
2295,0,,0,,0,,4064
2296,0,,0,,0,,4065
2297,0,,0,,0,,4066
2298,0,,0,,0,,4067
2299,0,,0,,0,,4068
2300,0,,0,,0,,4069
2301,0,,0,,0,,4070
2302,0,,0,,0,,4071
2303,0,,0,,0,,4072
2304,0,,0,,0,,4073
2305,0,,0,,0,,4074
2306,0,,0,,0,,4075
2307,0,,0,,0,,4076
2308,0,,0,,0,,4077
2309,0,,0,,0,,4078
2310,0,,0,,0,,4079
2311,0,,0,,0,,4080
2312,0,,0,,0,,4081
2313,0,,0,,0,,4082
2314,0,,0,,0,,4083
2315,0,,0,,0,,4084
2316,0,,0,,0,,4085
2317,0,,0,,0,,4086
2318,0,,0,,0,,4087
2319,0,,0,,0,,4088
2320,0,,0,,0,,4089
2321,0,,0,,0,,4090
2322,0,,0,,0,,4091
2323,0,,0,,0,,4092
2324,0,,0,,0,,4093
2325,0,,0,,0,,4094
2326,0,,0,,0,,4095
2327,0,,0,,0,,4096
2328,0,,0,,0,,4097
2329,0,,0,,0,,4098
2330,0,,0,,0,,4099
2331,0,,0,,0,,4100
2332,0,,0,,0,,4101
2333,0,,0,,0,,4102
2334,0,,0,,0,,4103
2335,0,,0,,0,,4104
2336,0,,0,,0,,4105
2337,0,,0,,0,,4106
2338,0,,0,,0,,4107
2339,0,,0,,0,,4108
2340,0,,0,,0,,4109
2341,0,,0,,0,,4110
2342,0,,0,,0,,4111
2343,0,,0,,0,,4112
2344,0,,0,,0,,4113
2345,0,,0,,0,,4114
2346,0,,0,,0,,4115
2347,0,,0,,0,,4116
2348,0,,0,,0,,4117
2349,0,,0,,0,,4118
2350,0,,0,,0,,4119
2351,0,,0,,0,,4120
2352,0,,0,,0,,4121
2353,0,,0,,0,,4122
2354,0,,0,,0,,4123
2355,0,,0,,0,,4124
2356,0,,0,,0,,4125
2357,0,,0,,0,,4126
2358,0,,0,,0,,4127
2359,0,,0,,0,,4128
2360,0,,0,,0,,4129
2361,0,,0,,0,,4130
2362,0,,0,,0,,4131
2363,0,,0,,0,,4132
2364,0,,0,,0,,4133
2365,0,,0,,0,,4134
2366,0,,0,,0,,4135
2367,0,,0,,0,,4136
2368,0,,0,,0,,4137
2369,0,,0,,0,,4138
2370,0,,0,,0,,4139
2371,0,,0,,0,,4140
2372,0,,0,,0,,4141
2373,0,,0,,0,,4142
2374,0,,0,,0,,4143
2375,0,,0,,0,,4144
2376,0,,0,,0,,4145
2377,0,,0,,0,,4146
2378,0,,0,,0,,4147
2379,0,,0,,0,,4148
2380,0,,0,,0,,4149
2381,0,,0,,0,,4150
2382,0,,0,,0,,4151
2383,0,,0,,0,,4152
2384,0,,0,,0,,4153
2385,0,,0,,0,,4154
2386,0,,0,,0,,4155
2387,0,,0,,0,,4156
2388,0,,0,,0,,4157
2389,0,,0,,0,,4158
2390,0,,0,,0,,4159
2391,0,,0,,0,,4160
2392,0,,0,,0,,4161
2393,0,,0,,0,,4162
2394,0,,0,,0,,4163
2395,0,,0,,0,,4164
2396,0,,0,,0,,4165
2397,0,,0,,0,,4166
2398,0,,0,,0,,4167
2399,0,,0,,0,,4168
2400,0,,0,,0,,4169
2401,0,,0,,0,,4170
2402,0,,0,,0,,4171
2403,0,,0,,0,,4172
2404,0,,0,,0,,4173
2405,0,,0,,0,,4174
2406,0,,0,,0,,4175
2407,0,,0,,0,,4176
2408,0,,0,,0,,4177
2409,0,,0,,0,,4178
2410,0,,0,,0,,4179
2411,0,,0,,0,,4180
2412,0,,0,,0,,4181
2413,0,,0,,0,,4182
2414,0,,0,,0,,4183
2415,0,,0,,0,,4184
2416,0,,0,,0,,4185
2417,0,,0,,0,,4186
2418,0,,0,,0,,4187
2419,0,,0,,0,,4188
2420,0,,0,,0,,4189
2421,0,,0,,0,,4190
2422,0,,0,,0,,4191
2423,0,,0,,0,,4192
2424,0,,0,,0,,4193
2425,0,,0,,0,,4194
2426,0,,0,,0,,4195
2427,0,,0,,0,,4196
2428,0,,0,,0,,4197
2429,0,,0,,0,,4198
2430,0,,0,,0,,4199
2431,0,,0,,0,,4200
2432,0,,0,,0,,4201
2433,0,,0,,0,,4202
2434,0,,0,,0,,4203
2435,0,,0,,0,,4204
2436,0,,0,,0,,4205
2437,0,,0,,0,,4206
2438,0,,0,,0,,4207
2439,0,,0,,0,,4208
2440,0,,0,,0,,4209
2441,0,,0,,0,,4210
2442,0,,0,,0,,4211
2443,0,,0,,0,,4212
2444,0,,0,,0,,4213
2445,0,,0,,0,,4214
2446,0,,0,,0,,4215
2447,0,,0,,0,,4216
2448,0,,0,,0,,4217
2449,0,,0,,0,,4218
2450,0,,0,,0,,4219
2451,0,,0,,0,,4220
2452,0,,0,,0,,4221
2453,0,,0,,0,,4222
2454,0,,0,,0,,4223
2455,0,,0,,0,,4224
2456,0,,0,,0,,4225
2457,0,,0,,0,,4226
2458,0,,0,,0,,4227
2459,0,,0,,0,,4228
2460,0,,0,,0,,4229
2461,0,,0,,0,,4230
2462,0,,0,,0,,4231
2463,0,,0,,0,,4232
2464,0,,0,,0,,4233
2465,0,,0,,0,,4234
2466,0,,0,,0,,4235
2467,0,,0,,0,,4236
2468,0,,0,,0,,4237
2469,0,,0,,0,,4238
2470,0,,0,,0,,4239
2471,0,,0,,0,,4240
2472,0,,0,,0,,4241
2473,0,,0,,0,,4242
2474,0,,0,,0,,4243
2475,0,,0,,0,,4244
2476,0,,0,,0,,4245
2477,0,,0,,0,,4246
2478,0,,0,,0,,4247
2479,0,,0,,0,,4248
2480,0,,0,,0,,4249
2481,0,,0,,0,,4250
2482,0,,0,,0,,4251
2483,0,,0,,0,,4252
2484,0,,0,,0,,4253
2485,0,,0,,0,,4254
2486,0,,0,,0,,4255
2487,0,,0,,0,,4256
2488,0,,0,,0,,4257
2489,0,,0,,0,,4258
2490,0,,0,,0,,4259
2491,0,,0,,0,,4260
2492,0,,0,,0,,4261
2493,0,,0,,0,,4262
2494,0,,0,,0,,4263
2495,0,,0,,0,,4264
2496,0,,0,,0,,4265
2497,0,,0,,0,,4266
2498,0,,0,,0,,4267
2499,0,,0,,0,,4268
2500,0,,0,,0,,4269
2501,0,,0,,0,,4270
2502,0,,0,,0,,4271
2503,0,,0,,0,,4272
2504,0,,0,,0,,4273
2505,0,,0,,0,,4274
2506,0,,0,,0,,4275
2507,0,,0,,0,,4276
2508,0,,0,,0,,4277
2509,0,,0,,0,,4278
2510,0,,0,,0,,4279
2511,0,,0,,0,,4280
2512,0,,0,,0,,4281
2513,0,,0,,0,,4282
2514,0,,0,,0,,4283
2515,0,,0,,0,,4284
2516,0,,0,,0,,4285
2517,0,,0,,0,,4286
2518,0,,0,,0,,4287
2519,0,,0,,0,,4288
2520,0,,0,,0,,4289
2521,0,,0,,0,,4290
2522,0,,0,,0,,4291
2523,0,,0,,0,,4292
2524,0,,0,,0,,4293
2525,0,,0,,0,,4294
2526,0,,0,,0,,4295
2527,0,,0,,0,,4296
2528,0,,0,,0,,4297
2529,0,,0,,0,,4298
2530,0,,0,,0,,4299
2531,0,,0,,0,,4300
2532,0,,0,,0,,4301
2533,0,,0,,0,,4302
2534,0,,0,,0,,4303
2535,0,,0,,0,,4304
2536,0,,0,,0,,4305
2537,0,,0,,0,,4306
2538,0,,0,,0,,4307
2539,0,,0,,0,,4308
2540,0,,0,,0,,4309
2541,0,,0,,0,,4310
2542,0,,0,,0,,4311
2543,0,,0,,0,,4312
2544,0,,0,,0,,4313
2545,0,,0,,0,,4314
2546,0,,0,,0,,4315
2547,0,,0,,0,,4316
2548,0,,0,,0,,4317
2549,0,,0,,0,,4318
2550,0,,0,,0,,4319
2551,0,,0,,0,,4320
2552,0,,0,,0,,4321
2553,0,,0,,0,,4322
2554,0,,0,,0,,4323
2555,0,,0,,0,,4324
2556,0,,0,,0,,4325
2557,0,,0,,0,,4326
2558,0,,0,,0,,4327
2559,0,,0,,0,,4328
2560,0,,0,,0,,4329
2561,0,,0,,0,,4330
2562,0,,0,,0,,4331
2563,0,,0,,0,,4332
2564,0,,0,,0,,4333
2565,0,,0,,0,,4334
2566,0,,0,,0,,4335
2567,0,,0,,0,,4336
2568,0,,0,,0,,4337
2569,0,,0,,0,,4338
2570,0,,0,,0,,4339
2571,0,,0,,0,,4340
2572,0,,0,,0,,4341
2573,0,,0,,0,,4342
2574,0,,0,,0,,4343
2575,0,,0,,0,,4344
2576,0,,0,,0,,4345
2577,0,,0,,0,,4346
2578,0,,0,,0,,4347
2579,0,,0,,0,,4348
2580,0,,0,,0,,4349
2581,0,,0,,0,,4350
2582,0,,0,,0,,4351
2583,0,,0,,0,,4352
2584,0,,0,,0,,4353
2585,0,,0,,0,,4354
2586,0,,0,,0,,4355
2587,0,,0,,0,,4356
2588,0,,0,,0,,4357
2589,0,,0,,0,,4358
2590,0,,0,,0,,4359
2591,0,,0,,0,,4360
2592,0,,0,,0,,4361
2593,0,,0,,0,,4362
2594,0,,0,,0,,4363
2595,0,,0,,0,,4364
2596,0,,0,,0,,4365
2597,0,,0,,0,,4366
2598,0,,0,,0,,4367
2599,0,,0,,0,,4368
2600,0,,0,,0,,4369
2601,0,,0,,0,,4370
2602,0,,0,,0,,4371
2603,0,,0,,0,,4372
2604,0,,0,,0,,4373
2605,0,,0,,0,,4374
2606,0,,0,,0,,4375
2607,0,,0,,0,,4376
2608,0,,0,,0,,4377
2609,0,,0,,0,,4378
2610,0,,0,,0,,4379
2611,0,,0,,0,,4380
2612,0,,0,,0,,4381
2613,0,,0,,0,,4382
2614,0,,0,,0,,4383
2615,0,,0,,0,,4384
2616,0,,0,,0,,4385
2617,0,,0,,0,,4386
2618,0,,0,,0,,4387
2619,0,,0,,0,,4388
2620,0,,0,,0,,4389
2621,0,,0,,0,,4390
2622,0,,0,,0,,4391
2623,0,,0,,0,,4392
2624,0,,0,,0,,4393
2625,0,,0,,0,,4394
2626,0,,0,,0,,4395
2627,0,,0,,0,,4396
2628,0,,0,,0,,4397
2629,0,,0,,0,,4398
2630,0,,0,,0,,4399
2631,0,,0,,0,,4400
2632,0,,0,,0,,4401
2633,0,,0,,0,,4402
2634,0,,0,,0,,4403
2635,0,,0,,0,,4404
2636,0,,0,,0,,4405
2637,0,,0,,0,,4406
2638,0,,0,,0,,4407
2639,0,,0,,0,,4408
2640,0,,0,,0,,4409
2641,0,,0,,0,,4410
2642,0,,0,,0,,4411
2643,0,,0,,0,,4412
2644,0,,0,,0,,4413
2645,0,,0,,0,,4414
2646,0,,0,,0,,4415
2647,0,,0,,0,,4416
2648,0,,0,,0,,4417
2649,0,,0,,0,,4418
2650,0,,0,,0,,4419
2651,0,,0,,0,,4420
2652,0,,0,,0,,4421
2653,0,,0,,0,,4422
2654,0,,0,,0,,4423
2655,0,,0,,0,,4424
2656,0,,0,,0,,4425
2657,0,,0,,0,,4426
2658,0,,0,,0,,4427
2659,0,,0,,0,,4428
2660,0,,0,,0,,4429
2661,0,,0,,0,,4430
2662,0,,0,,0,,4431
2663,0,,0,,0,,4432
2664,0,,0,,0,,4433
2665,0,,0,,0,,4434
2666,0,,0,,0,,4435
2667,0,,0,,0,,4436
2668,0,,0,,0,,4437
2669,0,,0,,0,,4438
2670,0,,0,,0,,4439
2671,0,,0,,0,,4440
2672,0,,0,,0,,4441
2673,0,,0,,0,,4442
2674,0,,0,,0,,4443
2675,0,,0,,0,,4444
2676,0,,0,,0,,4445
2677,0,,0,,0,,4446
2678,0,,0,,0,,4447
2679,0,,0,,0,,4448
2680,0,,0,,0,,4449
2681,0,,0,,0,,4450
2682,0,,0,,0,,4451
2683,0,,0,,0,,4452
2684,0,,0,,0,,4453
2685,0,,0,,0,,4454
2686,0,,0,,0,,4455
2687,0,,0,,0,,4456
2688,0,,0,,0,,4457
2689,0,,0,,0,,4458
2690,0,,0,,0,,4459
2691,0,,0,,0,,4460
2692,0,,0,,0,,4461
2693,0,,0,,0,,4462
2694,0,,0,,0,,4463
2695,0,,0,,0,,4464
2696,0,,0,,0,,4465
2697,0,,0,,0,,4466
2698,0,,0,,0,,4467
2699,0,,0,,0,,4468
2700,0,,0,,0,,4469
2701,0,,0,,0,,4470
2702,0,,0,,0,,4471
2703,0,,0,,0,,4472
2704,0,,0,,0,,4473
2705,0,,0,,0,,4474
2706,0,,0,,0,,4475
2707,0,,0,,0,,4476
2708,0,,0,,0,,4477
2709,0,,0,,0,,4478
2710,0,,0,,0,,4479
2711,0,,0,,0,,4480
2712,0,,0,,0,,4481
2713,0,,0,,0,,4482
2714,0,,0,,0,,4483
2715,0,,0,,0,,4484
2716,0,,0,,0,,4485
2717,0,,0,,0,,4486
2718,0,,0,,0,,4487
2719,0,,0,,0,,4488
2720,0,,0,,0,,4489
2721,0,,0,,0,,4490
2722,0,,0,,0,,4491
2723,0,,0,,0,,4492
2724,0,,0,,0,,4493
2725,0,,0,,0,,4494
2726,0,,0,,0,,4495
2727,0,,0,,0,,4496
2728,0,,0,,0,,4497
2729,0,,0,,0,,4498
2730,0,,0,,0,,4499
2731,0,,0,,0,,4500
2732,0,,0,,0,,4501
2733,0,,0,,0,,4502
2734,0,,0,,0,,4503
2735,0,,0,,0,,4504
2736,0,,0,,0,,4505
2737,0,,0,,0,,4506
2738,0,,0,,0,,4507
2739,0,,0,,0,,4508
2740,0,,0,,0,,4509
2741,0,,0,,0,,4510
2742,0,,0,,0,,4511
2743,0,,0,,0,,4512
2744,0,,0,,0,,4513
2745,0,,0,,0,,4514
2746,0,,0,,0,,4515
2747,0,,0,,0,,4516
2748,0,,0,,0,,4517
2749,0,,0,,0,,4518
2750,0,,0,,0,,4519
2751,0,,0,,0,,4520
2752,0,,0,,0,,4521
2753,0,,0,,0,,4522
2754,0,,0,,0,,4523
2755,0,,0,,0,,4524
2756,0,,0,,0,,4525
2757,0,,0,,0,,4526
2758,0,,0,,0,,4527
2759,0,,0,,0,,4528
2760,0,,0,,0,,4529
2761,0,,0,,0,,4530
2762,0,,0,,0,,4531
2763,0,,0,,0,,4532
2764,0,,0,,0,,4533
2765,0,,0,,0,,4534
2766,0,,0,,0,,4535
2767,0,,0,,0,,4536
2768,0,,0,,0,,4537
2769,0,,0,,0,,4538
2770,0,,0,,0,,4539
2771,0,,0,,0,,4540
2772,0,,0,,0,,4541
2773,0,,0,,0,,4542
2774,0,,0,,0,,4543
2775,0,,0,,0,,4544
2776,0,,0,,0,,4545
2777,0,,0,,0,,4546
2778,0,,0,,0,,4547
2779,0,,0,,0,,4548
2780,0,,0,,0,,4549
2781,0,,0,,0,,4550
2782,0,,0,,0,,4551
2783,0,,0,,0,,4552
2784,0,,0,,0,,4553
2785,0,,0,,0,,4554
2786,0,,0,,0,,4555
2787,0,,0,,0,,4556
2788,0,,0,,0,,4557
2789,0,,0,,0,,4558
2790,0,,0,,0,,4559
2791,0,,0,,0,,4560
2792,0,,0,,0,,4561
2793,0,,0,,0,,4562
2794,0,,0,,0,,4563
2795,0,,0,,0,,4564
2796,0,,0,,0,,4565
2797,0,,0,,0,,4566
2798,0,,0,,0,,4567
2799,0,,0,,0,,4568
2800,0,,0,,0,,4569
2801,0,,0,,0,,4570
2802,0,,0,,0,,4571
2803,0,,0,,0,,4572
2804,0,,0,,0,,4573
2805,0,,0,,0,,4574
2806,0,,0,,0,,4575
2807,0,,0,,0,,4576
2808,0,,0,,0,,4577
2809,0,,0,,0,,4578
2810,0,,0,,0,,4579
2811,0,,0,,0,,4580
2812,0,,0,,0,,4581
2813,0,,0,,0,,4582
2814,0,,0,,0,,4583
2815,0,,0,,0,,4584
2816,0,,0,,0,,4585
2817,0,,0,,0,,4586
2818,0,,0,,0,,4587
2819,0,,0,,0,,4588
2820,0,,0,,0,,4589
2821,0,,0,,0,,4590
2822,0,,0,,0,,4591
2823,0,,0,,0,,4592
2824,0,,0,,0,,4593
2825,0,,0,,0,,4594
2826,0,,0,,0,,4595
2827,0,,0,,0,,4596
2828,0,,0,,0,,4597
2829,0,,0,,0,,4598
2830,0,,0,,0,,4599
2831,0,,0,,0,,4600
2832,0,,0,,0,,4601
2833,0,,0,,0,,4602
2834,0,,0,,0,,4603
2835,0,,0,,0,,4604
2836,0,,0,,0,,4605
2837,0,,0,,0,,4606
2838,0,,0,,0,,4607
2839,0,,0,,0,,4608
2840,0,,0,,0,,4609
2841,0,,0,,0,,4610
2842,0,,0,,0,,4611
2843,0,,0,,0,,4612
2844,0,,0,,0,,4613
2845,0,,0,,0,,4614
2846,0,,0,,0,,4615
2847,0,,0,,0,,4616
2848,0,,0,,0,,4617
2849,0,,0,,0,,4618
2850,0,,0,,0,,4619
2851,0,,0,,0,,4620
2852,0,,0,,0,,4621
2853,0,,0,,0,,4622
2854,0,,0,,0,,4623
2855,0,,0,,0,,4624
2856,0,,0,,0,,4625
2857,0,,0,,0,,4626
2858,0,,0,,0,,4627
2859,0,,0,,0,,4628
2860,0,,0,,0,,4629
2861,0,,0,,0,,4630
2862,0,,0,,0,,4631
2863,0,,0,,0,,4632
2864,0,,0,,0,,4633
2865,0,,0,,0,,4634
2866,0,,0,,0,,4635
2867,0,,0,,0,,4636
2868,0,,0,,0,,4637
2869,0,,0,,0,,4638
2870,0,,0,,0,,4639
2871,0,,0,,0,,4640
2872,0,,0,,0,,4641
2873,0,,0,,0,,4642
2874,0,,0,,0,,4643
2875,0,,0,,0,,4644
2876,0,,0,,0,,4645
2877,0,,0,,0,,4646
2878,0,,0,,0,,4647
2879,0,,0,,0,,4648
2880,0,,0,,0,,4649
2881,0,,0,,0,,4650
2882,0,,0,,0,,4651
2883,0,,0,,0,,4652
2884,0,,0,,0,,4653
2885,0,,0,,0,,4654
2886,0,,0,,0,,4655
2887,0,,0,,0,,4656
2888,0,,0,,0,,4657
2889,0,,0,,0,,4658
2890,0,,0,,0,,4659
2891,0,,0,,0,,4660
2892,0,,0,,0,,4661
2893,0,,0,,0,,4662
2894,0,,0,,0,,4663
2895,0,,0,,0,,4664
2896,0,,0,,0,,4665
2897,0,,0,,0,,4666
2898,0,,0,,0,,4667
2899,0,,0,,0,,4668
2900,0,,0,,0,,4669
2901,0,,0,,0,,4670
2902,0,,0,,0,,4671
2903,0,,0,,0,,4672
2904,0,,0,,0,,4673
2905,0,,0,,0,,4674
2906,0,,0,,0,,4675
2907,0,,0,,0,,4676
2908,0,,0,,0,,4677
2909,0,,0,,0,,4678
2910,0,,0,,0,,4679
2911,0,,0,,0,,4680
2912,0,,0,,0,,4681
2913,0,,0,,0,,4682
2914,0,,0,,0,,4683
2915,0,,0,,0,,4684
2916,0,,0,,0,,4685
2917,0,,0,,0,,4686
2918,0,,0,,0,,4687
2919,0,,0,,0,,4688
2920,0,,0,,0,,4689
2921,0,,0,,0,,4690
2922,0,,0,,0,,4691
2923,0,,0,,0,,4692
2924,0,,0,,0,,4693
2925,0,,0,,0,,4694
2926,0,,0,,0,,4695
2927,0,,0,,0,,4696
2928,0,,0,,0,,4697
2929,0,,0,,0,,4698
2930,0,,0,,0,,4699
2931,0,,0,,0,,4700
2932,0,,0,,0,,4701
2933,0,,0,,0,,4702
2934,0,,0,,0,,4703
2935,0,,0,,0,,4704
2936,0,,0,,0,,4705
2937,0,,0,,0,,4706
2938,0,,0,,0,,4707
2939,0,,0,,0,,4708
2940,0,,0,,0,,4709
2941,0,,0,,0,,4710
2942,0,,0,,0,,4711
2943,0,,0,,0,,4712
2944,0,,0,,0,,4713
2945,0,,0,,0,,4714
2946,0,,0,,0,,4715
2947,0,,0,,0,,4716
2948,0,,0,,0,,4717
2949,0,,0,,0,,4718
2950,0,,0,,0,,4719
2951,0,,0,,0,,4720
2952,0,,0,,0,,4721
